card_title,card_title_href,card_img_href,card_text,Name
3store,https://dbdb.io/db/3store,https://dbdb.io/media/logos/3store.png.200x200_q85.png,"Last updated Sept. 28, 2023, 11:30 p.m.",3store
4store,https://dbdb.io/db/4store,https://dbdb.io/media/logos/4store.png.200x200_q85.png,"Last updated June 3, 2018, 8:21 p.m.",4store
abhot,https://dbdb.io/db/abhot,https://dbdb.io/static/core/images/database-nologo.svg,"Last updated Oct. 1, 2023, 7:22 p.m.",abhot
Accumulo,https://dbdb.io/db/accumulo,https://dbdb.io/media/logos/accumulo.svg,"Last updated June 26, 2022, 11:18 p.m.",accumulo
AceBase,https://dbdb.io/db/acebase,https://dbdb.io/media/logos/acebase.png.200x200_q85.png,"Last updated July 25, 2023, 8:56 a.m.",acebase
AceDB,https://dbdb.io/db/acedb,https://dbdb.io/media/logos/acedb.png.200x200_q85.png,"Last updated May 28, 2018, 10:32 p.m.",acedb
ActorDB,https://dbdb.io/db/actordb,https://dbdb.io/media/logos/actordb.png.200x200_q85.png,"Last updated Dec. 10, 2019, 5:26 p.m.",actordb
Aerospike,https://dbdb.io/db/aerospike,https://dbdb.io/media/logos/aerospike.svg,"Last updated June 26, 2022, 11:24 p.m.",aerospike
AgateDB,https://dbdb.io/db/agatedb,https://dbdb.io/static/core/images/database-nologo.svg,"Last updated May 8, 2022, 3:09 p.m.",agatedb
AGEDB,https://dbdb.io/db/agedb,https://dbdb.io/media/logos/agedb.svg,"Last updated June 15, 2023, 10:57 a.m.",agedb
AgensGraph,https://dbdb.io/db/agensgraph,https://dbdb.io/media/logos/agensgraph2023.png.200x200_q85.png,"Last updated Aug. 8, 2023, 2:25 p.m.",agensgraph
AKDB,https://dbdb.io/db/akdb,https://dbdb.io/media/logos/akdb.svg,"Last updated Sept. 28, 2023, 9:21 p.m.",akdb
Akumuli,https://dbdb.io/db/akumuli,https://dbdb.io/media/logos/akumuli.png.200x200_q85.png,"Last updated Jan. 6, 2022, 12:25 p.m.",akumuli
Akutan,https://dbdb.io/db/akutan,https://dbdb.io/media/logos/beam.jpg.200x200_q85.jpg,"Last updated Dec. 15, 2020, 7:38 a.m.",akutan
AlaSQL,https://dbdb.io/db/alasql,https://dbdb.io/media/logos/alasql.png.200x200_q85.png,"Last updated Dec. 10, 2019, 11:50 p.m.",alasql
AlchemyDB,https://dbdb.io/db/alchemydb,https://dbdb.io/static/core/images/database-nologo.svg,"Last updated Oct. 3, 2023, 7:14 a.m.",alchemydb
Alenka,https://dbdb.io/db/alenka,https://dbdb.io/media/logos/alenka_UFGMXu1.png.200x200_q85.png,"Last updated Oct. 9, 2023, 9:31 p.m.",alenka
Altibase,https://dbdb.io/db/altibase,https://dbdb.io/media/logos/altibase.png.200x200_q85.png,"Last updated Oct. 5, 2022, 9:16 p.m.",altibase
AngstromDB,https://dbdb.io/db/angstromdb,https://dbdb.io/static/core/images/database-nologo.svg,"Last updated Oct. 3, 2023, 7:15 a.m.",angstromdb
AnnaDB,https://dbdb.io/db/annadb,https://dbdb.io/media/logos/annadb.svg,"Last updated April 6, 2023, 7:41 a.m.",annadb
AnnDB,https://dbdb.io/db/anndb,https://dbdb.io/media/logos/anndb.svg,"Last updated Sept. 21, 2023, 8:32 p.m.",anndb
AntDB,https://dbdb.io/db/antdb,https://dbdb.io/media/logos/antdb.svg,"Last updated Feb. 15, 2023, 8:46 p.m.",antdb
Antidote,https://dbdb.io/db/antidote,https://dbdb.io/media/logos/antidotedb.png.200x200_q85.png,"Last updated Jan. 2, 2022, 8:30 p.m.",antidote
AODBM,https://dbdb.io/db/aodbm,https://dbdb.io/static/core/images/database-nologo.svg,"Last updated June 3, 2018, 10:45 p.m.",aodbm
Arakoon,https://dbdb.io/db/arakoon,https://dbdb.io/media/logos/arakoon.png.200x200_q85.png,"Last updated Sept. 30, 2019, 7:19 a.m.",arakoon
ArangoDB,https://dbdb.io/db/arangodb,https://dbdb.io/media/logos/arangodb.svg,"Last updated June 26, 2022, 11:38 p.m.",arangodb
ArcadeDB,https://dbdb.io/db/arcadedb,https://dbdb.io/media/logos/arcadedb.png.200x200_q85.png,"Last updated Jan. 2, 2022, 4:08 p.m.",arcadedb
ArcticDB,https://dbdb.io/db/arcticdb,https://dbdb.io/media/logos/arcticdb.svg,"Last updated July 14, 2023, 11:34 p.m.",arcticdb
Ardb,https://dbdb.io/db/ardb,https://dbdb.io/static/core/images/database-nologo.svg,"Last updated July 18, 2019, 6:21 p.m.",ardb
AresDB,https://dbdb.io/db/aresdb,https://dbdb.io/media/logos/aresdb.png.200x200_q85.png,"Last updated Sept. 24, 2023, 9:33 p.m.",aresdb
Asami,https://dbdb.io/db/asami,https://dbdb.io/static/core/images/database-nologo.svg,"Last updated Nov. 18, 2022, 10 p.m.",asami
Assassin,https://dbdb.io/db/assassin,https://dbdb.io/media/logos/assassin.svg,"Last updated June 26, 2022, 11:41 p.m.",assassin
AsterixDB,https://dbdb.io/db/asterixdb,https://dbdb.io/media/logos/asterixdb.svg,"Last updated June 27, 2022, 12:02 a.m.",asterixdb
Atlas,https://dbdb.io/db/atlas,https://dbdb.io/media/logos/netflix_atlas.png.200x200_q85.png,"Last updated May 14, 2019, 8:28 p.m.",atlas
AvionDB,https://dbdb.io/db/aviondb,https://dbdb.io/media/logos/aviondb.svg,"Last updated Sept. 27, 2023, 9:02 p.m.",aviondb
AwaDB,https://dbdb.io/db/awadb,https://dbdb.io/media/logos/awadb.png.200x200_q85.png,"Last updated Sept. 22, 2023, 8:21 p.m.",awadb
Axion,https://dbdb.io/db/axion,https://dbdb.io/media/logos/axion.png.200x200_q85.png,"Last updated Nov. 29, 2018, 5:24 p.m.",axion
BadgerDB,https://dbdb.io/db/badgerdb,https://dbdb.io/media/logos/badgerdb.png.200x200_q85.png,"Last updated Dec. 31, 2018, 5:15 p.m.",badgerdb
Bagri,https://dbdb.io/db/bagri,https://dbdb.io/media/logos/bagridb.png.200x200_q85.png,"Last updated Sept. 27, 2023, 7:25 p.m.",bagri
BaikalDB,https://dbdb.io/db/baikaldb,https://dbdb.io/media/logos/baikaldb.png.200x200_q85.png,"Last updated June 9, 2021, 7:57 p.m.",baikaldb
BangDB,https://dbdb.io/db/bangdb,https://dbdb.io/media/logos/bangdb.png.200x200_q85.png,"Last updated Jan. 2, 2022, 8:37 p.m.",bangdb
BaseX,https://dbdb.io/db/basex,https://dbdb.io/media/logos/basex.svg,"Last updated June 26, 2022, 11:55 p.m.",basex
BayesDB,https://dbdb.io/db/bayesdb,https://dbdb.io/media/logos/bayesdb.png.200x200_q85.png,"Last updated March 15, 2020, 11:33 a.m.",bayesdb
bbolt,https://dbdb.io/db/bbolt,https://dbdb.io/static/core/images/database-nologo.svg,"Last updated Nov. 4, 2020, 10:33 p.m.",bbolt
BBoxDB,https://dbdb.io/db/bboxdb,https://dbdb.io/media/logos/bboxdb.png.200x200_q85.png,"Last updated June 3, 2022, 12:23 p.m.",bboxdb
Beagle SQL,https://dbdb.io/db/beagle-sql,https://dbdb.io/media/logos/beaglesql.png.200x200_q85.png,"Last updated Oct. 1, 2023, 8:38 a.m.",beagle-sql
Bedrock,https://dbdb.io/db/bedrock,https://dbdb.io/media/logos/bedrock_logo.png.200x200_q85.png,"Last updated Dec. 10, 2019, 12:42 a.m.",bedrock
BergDB,https://dbdb.io/db/bergdb,https://dbdb.io/media/logos/bergdb.png.200x200_q85.png,"Last updated Jan. 4, 2022, 7:42 a.m.",bergdb
Beringei,https://dbdb.io/db/beringei,https://dbdb.io/media/logos/beringei.png.200x200_q85.png,"Last updated Dec. 10, 2019, 11:38 a.m.",beringei
Berkeley DB,https://dbdb.io/db/berkeley-db,https://dbdb.io/media/logos/berkeleydb.png.200x200_q85.png,"Last updated Jan. 3, 2022, 9:03 a.m.",berkeley-db
BerylDB,https://dbdb.io/db/beryldb,https://dbdb.io/media/logos/beryldb.svg,"Last updated June 26, 2022, 11:57 p.m.",beryldb
BigchainDB,https://dbdb.io/db/bigchaindb,https://dbdb.io/media/logos/bigchaindb.svg,"Last updated June 26, 2022, 11:56 p.m.",bigchaindb
BinaryRage,https://dbdb.io/db/binaryrage,https://dbdb.io/static/core/images/database-nologo.svg,"Last updated Sept. 28, 2023, 5:33 p.m.",binaryrage
Bitcask,https://dbdb.io/db/bitcask,https://dbdb.io/media/logos/bitcask.svg,"Last updated June 26, 2022, 11:52 p.m.",bitcask
Bitsy,https://dbdb.io/db/bitsy,https://dbdb.io/media/logos/bitsy.png.200x200_q85.png,"Last updated Jan. 3, 2022, 9:24 p.m.",bitsy
BlackRay,https://dbdb.io/db/blackray,https://dbdb.io/media/logos/blackray_HcEgO5u.png.200x200_q85.png,"Last updated July 14, 2023, 8:23 p.m.",blackray
Blazegraph,https://dbdb.io/db/blazegraph,https://dbdb.io/media/logos/blazegraph.png.200x200_q85.png,"Last updated Sept. 24, 2023, 4:36 p.m.",blazegraph
BlazingSQL,https://dbdb.io/db/blazingsql,https://dbdb.io/media/logos/blazingsql.svg,"Last updated June 30, 2022, 11:22 p.m.",blazingsql
BlinkDB,https://dbdb.io/db/blinkdb,https://dbdb.io/media/logos/blinkdb.png.200x200_q85.png,"Last updated Dec. 31, 2018, 3:32 p.m.",blinkdb
Blueflood,https://dbdb.io/db/blueflood,https://dbdb.io/media/logos/blueflood.png.200x200_q85.png,"Last updated May 5, 2018, 10:17 p.m.",blueflood
BoJack,https://dbdb.io/db/bojack,https://dbdb.io/media/logos/bojack.png.200x200_q85.png,"Last updated Dec. 10, 2019, 11:58 a.m.",bojack
BoltDB,https://dbdb.io/db/boltdb,https://dbdb.io/media/logos/boltdb.png.200x200_q85.png,"Last updated Sept. 28, 2023, 8:12 p.m.",boltdb
BonsaiDb,https://dbdb.io/db/bonsaidb,https://dbdb.io/media/logos/bonsaidb.png.200x200_q85.png,"Last updated Feb. 15, 2022, 9:42 a.m.",bonsaidb
BrightstarDB,https://dbdb.io/db/brightstardb,https://dbdb.io/media/logos/brightstardb.png.200x200_q85.png,"Last updated Jan. 3, 2022, 9:04 a.m.",brightstardb
BTDB,https://dbdb.io/db/btdb,https://dbdb.io/static/core/images/database-nologo.svg,"Last updated June 27, 2023, 10:08 p.m.",btdb
BTrDB,https://dbdb.io/db/btrdb,https://dbdb.io/media/logos/btrdb.png.200x200_q85.png,"Last updated Sept. 26, 2023, 8:37 p.m.",btrdb
bugfruit,https://dbdb.io/db/bugfruit,https://dbdb.io/media/logos/bugfruit.svg,"Last updated June 26, 2022, 11:53 p.m.",bugfruit
BuntDB,https://dbdb.io/db/buntdb,https://dbdb.io/media/logos/buntdb.png.200x200_q85.png,"Last updated Jan. 2, 2022, 9:09 p.m.",buntdb
BusTub,https://dbdb.io/db/bustub,https://dbdb.io/media/logos/bustub.svg,"Last updated Nov. 1, 2022, 8:18 p.m.",bustub
ByConity,https://dbdb.io/db/byconity,https://dbdb.io/media/logos/byconity.svg,"Last updated July 5, 2023, 4:01 p.m.",byconity
Cachegrand,https://dbdb.io/db/cachegrand,https://dbdb.io/media/logos/cachegrand.png.200x200_q85.png,"Last updated March 31, 2023, 12:19 p.m.",cachegrand
Calvin,https://dbdb.io/db/calvin,https://dbdb.io/static/core/images/database-nologo.svg,"Last updated July 21, 2019, 11:01 a.m.",calvin
CaskDB,https://dbdb.io/db/caskdb,https://dbdb.io/media/logos/caskdb.svg,"Last updated June 27, 2022, 12:03 a.m.",caskdb
Cassandra,https://dbdb.io/db/cassandra,https://dbdb.io/media/logos/Apache_Cassandra.svg,"Last updated June 26, 2022, 10:53 p.m.",cassandra
CastleDB,https://dbdb.io/db/castledb,https://dbdb.io/media/logos/castledb.png.200x200_q85.png,"Last updated Jan. 3, 2022, 12:13 p.m.",castledb
Cayley,https://dbdb.io/db/cayley,https://dbdb.io/media/logos/cayley.png.200x200_q85.png,"Last updated July 18, 2019, 6:31 p.m.",cayley
cdb,https://dbdb.io/db/cdb,https://dbdb.io/static/core/images/database-nologo.svg,"Last updated June 7, 2018, 6:45 p.m.",cdb
CeresDB,https://dbdb.io/db/ceresdb,https://dbdb.io/media/logos/ceresdb.png.200x200_q85.png,"Last updated Jan. 1, 2023, 8:32 p.m.",ceresdb
chaozzDB,https://dbdb.io/db/chaozzdb,https://dbdb.io/media/logos/chaozzdb.svg,"Last updated Oct. 1, 2023, 7:45 p.m.",chaozzdb
Cheetah,https://dbdb.io/db/cheetah,https://dbdb.io/media/logos/cheetah.png.200x200_q85.png,"Last updated Dec. 11, 2020, 10:03 p.m.",cheetah
Chroma,https://dbdb.io/db/chroma,https://dbdb.io/media/logos/chroma_H600YUl.svg,"Last updated July 20, 2023, 7:10 p.m.",chroma
Chronicle Map,https://dbdb.io/db/chronicle-map,https://dbdb.io/media/logos/chronicle-map.png.200x200_q85.png,"Last updated Jan. 3, 2022, 12:12 p.m.",chronicle-map
Chronix,https://dbdb.io/db/chronix,https://dbdb.io/media/logos/chronix.png.200x200_q85.png,"Last updated July 1, 2022, 1:45 p.m.",chronix
Citus,https://dbdb.io/db/citus,https://dbdb.io/media/logos/citus.svg,"Last updated Sept. 24, 2023, 4:46 p.m.",citus
ClickHouse,https://dbdb.io/db/clickhouse,https://dbdb.io/media/logos/clickhouse.svg,"Last updated July 10, 2023, 10:19 a.m.",clickhouse
CloseVector,https://dbdb.io/db/closevector,https://dbdb.io/media/logos/closevector.svg,"Last updated Sept. 24, 2023, 8:05 a.m.",closevector
Cloudberry Database,https://dbdb.io/db/cloudberry-database,https://dbdb.io/media/logos/cloudberrydb.svg,"Last updated Oct. 16, 2023, 10 p.m.",cloudberry-database
CloudKit,https://dbdb.io/db/cloudkit,https://dbdb.io/media/logos/cloudkit.png.200x200_q85.png,"Last updated May 18, 2018, 7:13 a.m.",cloudkit
CloverDB,https://dbdb.io/db/cloverdb,https://dbdb.io/media/logos/cloverdb.png.200x200_q85.png,"Last updated Nov. 19, 2023, 11:36 a.m.",cloverdb
CnosDB,https://dbdb.io/db/cnosdb,https://dbdb.io/media/logos/cnosdb.svg,"Last updated Dec. 31, 2022, 8:15 p.m.",cnosdb
CockroachDB,https://dbdb.io/db/cockroachdb,https://dbdb.io/media/logos/cockroachdb2022.svg,"Last updated July 1, 2022, 1:49 p.m.",cockroachdb
CodernityDB,https://dbdb.io/db/codernitydb,https://dbdb.io/media/logos/CodernityDB.png.200x200_q85.png,"Last updated Jan. 9, 2022, 12:59 p.m.",codernitydb
CoGaDB,https://dbdb.io/db/cogadb,https://dbdb.io/media/logos/cogadb.svg,"Last updated Oct. 9, 2023, 9:04 p.m.",cogadb
CogDB,https://dbdb.io/db/cogdb,https://dbdb.io/media/logos/cogdb.png.200x200_q85.png,"Last updated Jan. 9, 2022, 12:34 p.m.",cogdb
Column,https://dbdb.io/db/column,https://dbdb.io/media/logos/column.png.200x200_q85.png,"Last updated June 21, 2021, 8:40 p.m.",column
Comdb2,https://dbdb.io/db/comdb2,https://dbdb.io/media/logos/comdb2.png.200x200_q85.png,"Last updated Jan. 3, 2022, 9:06 a.m.",comdb2
Compass,https://dbdb.io/db/compass,https://dbdb.io/media/logos/compass.png.200x200_q85.png,"Last updated Nov. 20, 2023, 10:26 a.m.",compass
ComposeDB,https://dbdb.io/db/composedb,https://dbdb.io/media/logos/composedb.svg,"Last updated March 5, 2023, 3:44 a.m.",composedb
ComputeDB,https://dbdb.io/db/computedb,https://dbdb.io/media/logos/computedb.png.200x200_q85.png,"Last updated April 18, 2022, 9:33 a.m.",computedb
ConceptBase.cc,https://dbdb.io/db/conceptbasecc,https://dbdb.io/media/logos/conceptbase.png.200x200_q85.png,"Last updated Jan. 4, 2022, 7:53 p.m.",conceptbasecc
Concourse,https://dbdb.io/db/concourse,https://dbdb.io/media/logos/concourse.png.200x200_q85.png,"Last updated Jan. 6, 2022, 7:57 p.m.",concourse
Condensation,https://dbdb.io/db/condensation,https://dbdb.io/media/logos/condensationdb.svg,"Last updated June 27, 2022, 12:06 a.m.",condensation
Consus,https://dbdb.io/db/consus,https://dbdb.io/static/core/images/database-nologo.svg,"Last updated June 9, 2018, 1:19 p.m.",consus
Consus,https://dbdb.io/db/consus-java,https://dbdb.io/media/logos/consus.jpg.200x200_q85.jpg,"Last updated June 9, 2018, 12:09 p.m.",consus-java
CORAL,https://dbdb.io/db/coral,https://dbdb.io/static/core/images/database-nologo.svg,"Last updated June 9, 2018, 12:12 p.m.",coral
CoreObject,https://dbdb.io/db/coreobject,https://dbdb.io/media/logos/coreobject.svg,"Last updated June 27, 2022, 10:31 p.m.",coreobject
Couchbase,https://dbdb.io/db/couchbase,https://dbdb.io/media/logos/couchbase.svg,"Last updated June 27, 2022, 12:07 a.m.",couchbase
CouchDB,https://dbdb.io/db/couchdb,https://dbdb.io/media/logos/apache-couchdb.svg,"Last updated June 26, 2022, 11:06 p.m.",couchdb
CovenantSQL,https://dbdb.io/db/covenantsql,https://dbdb.io/media/logos/covenantsql.png.200x200_q85.png,"Last updated Jan. 3, 2022, 9:27 p.m.",covenantsql
CozoDB,https://dbdb.io/db/cozodb,https://dbdb.io/media/logos/cozodb.png.200x200_q85.png,"Last updated April 23, 2023, 9:08 p.m.",cozodb
CQL++,https://dbdb.io/db/cql,https://dbdb.io/static/core/images/database-nologo.svg,"Last updated Oct. 1, 2023, 8:28 a.m.",cql
CQLite,https://dbdb.io/db/cqlite,https://dbdb.io/static/core/images/database-nologo.svg,"Last updated May 8, 2022, 3:25 p.m.",cqlite
CrateDB,https://dbdb.io/db/cratedb,https://dbdb.io/media/logos/cratedb.svg,"Last updated Dec. 5, 2022, 5:37 p.m.",cratedb
CSQL,https://dbdb.io/db/csql,https://dbdb.io/media/logos/csql.jpg.200x200_q85.jpg,"Last updated June 30, 2022, 6:55 p.m.",csql
C-Store,https://dbdb.io/db/c-store,https://dbdb.io/media/logos/c-store.jpg.200x200_q85.jpg,"Last updated June 7, 2018, 6:58 a.m.",c-store
CubicWeb,https://dbdb.io/db/cubicweb,https://dbdb.io/media/logos/cubicweb.svg,"Last updated June 29, 2022, 11:11 a.m.",cubicweb
Cubrid,https://dbdb.io/db/cubrid,https://dbdb.io/media/logos/cubrid-logo.png.200x200_q85.png,"Last updated Jan. 3, 2022, 12:24 p.m.",cubrid
CurioDB,https://dbdb.io/db/curiodb,https://dbdb.io/media/logos/curiodb.svg,"Last updated Sept. 28, 2023, 7:12 p.m.",curiodb
CursusDB,https://dbdb.io/db/cursusdb,https://dbdb.io/media/logos/cursusdb.svg,"Last updated Dec. 6, 2023, 11:28 p.m.",cursusdb
DalmatinerDB,https://dbdb.io/db/dalmatinerdb,https://dbdb.io/media/logos/dalmantiner.jpg.200x200_q85.jpg,"Last updated Jan. 3, 2022, 7:54 p.m.",dalmatinerdb
Databend,https://dbdb.io/db/databend,https://dbdb.io/media/logos/databend.svg,"Last updated June 27, 2022, 7:25 a.m.",databend
DataFusion,https://dbdb.io/db/datafusion,https://dbdb.io/media/logos/datafusion.svg,"Last updated Oct. 26, 2022, 8:02 p.m.",datafusion
Datahike,https://dbdb.io/db/datahike,https://dbdb.io/media/logos/datahike.svg,"Last updated June 27, 2022, 7:26 a.m.",datahike
DataScript,https://dbdb.io/db/datascript,https://dbdb.io/media/logos/datascript.svg,"Last updated June 27, 2022, 7:29 a.m.",datascript
db4o,https://dbdb.io/db/db4o,https://dbdb.io/media/logos/db40.png.200x200_q85.png,"Last updated May 29, 2018, 5:43 a.m.",db4o
DB5,https://dbdb.io/db/db5,https://dbdb.io/media/logos/db5.svg,"Last updated Sept. 22, 2023, 8 a.m.",db5
dbeel,https://dbdb.io/db/dbeel,https://dbdb.io/media/logos/dbeel.svg,"Last updated Dec. 15, 2023, 6:35 p.m.",dbeel
DBreeze,https://dbdb.io/db/dbreeze,https://dbdb.io/media/logos/dbreeze.png.200x200_q85.png,"Last updated Sept. 18, 2020, 9:07 p.m.",dbreeze
DBx1000,https://dbdb.io/db/dbx1000,https://dbdb.io/media/logos/dbx1000.svg,"Last updated June 27, 2022, 7:31 a.m.",dbx1000
DeepDB,https://dbdb.io/db/deepdb,https://dbdb.io/media/logos/deepdb.svg,"Last updated Sept. 24, 2023, 6:10 p.m.",deepdb
DegDB,https://dbdb.io/db/degdb,https://dbdb.io/media/logos/degdb.png.200x200_q85.png,"Last updated May 28, 2018, 2:29 p.m.",degdb
Delta Lake,https://dbdb.io/db/delta-lake,https://dbdb.io/media/logos/delta-lake.svg,"Last updated April 12, 2023, 10:30 a.m.",delta-lake
DensoDB,https://dbdb.io/db/densodb,https://dbdb.io/media/logos/densodb.png.200x200_q85.png,"Last updated Jan. 8, 2022, 8:34 a.m.",densodb
Derby,https://dbdb.io/db/derby,https://dbdb.io/media/logos/apache-derby.png.200x200_q85.png,"Last updated March 1, 2020, 2:55 p.m.",derby
DGraph,https://dbdb.io/db/dgraph,https://dbdb.io/media/logos/dgraph.svg,"Last updated Sept. 7, 2022, 11:26 p.m.",dgraph
Dolt,https://dbdb.io/db/dolt,https://dbdb.io/media/logos/dolt2022.svg,"Last updated June 27, 2022, 7:34 a.m.",dolt
Doris,https://dbdb.io/db/doris,https://dbdb.io/media/logos/doris.svg,"Last updated Sept. 13, 2023, 10:04 a.m.",doris
Doxa,https://dbdb.io/db/doxa,https://dbdb.io/media/logos/doxa.svg,"Last updated June 27, 2022, 7:32 a.m.",doxa
Dqlite,https://dbdb.io/db/dqlite,https://dbdb.io/static/core/images/database-nologo.svg,"Last updated July 7, 2023, 12:53 p.m.",dqlite
Dragonfly,https://dbdb.io/db/dragonfly,https://dbdb.io/media/logos/dragonfly.svg,"Last updated Oct. 19, 2023, 4:08 p.m.",dragonfly
Dremio,https://dbdb.io/db/dremio,https://dbdb.io/media/logos/dremio.svg,"Last updated June 27, 2022, 7:35 a.m.",dremio
Drill,https://dbdb.io/db/drill,https://dbdb.io/media/logos/apache-drill.svg,"Last updated July 1, 2022, 8:32 a.m.",drill
Drizzle,https://dbdb.io/db/drizzle,https://dbdb.io/media/logos/drizzle.svg,"Last updated Oct. 1, 2023, 8:23 a.m.",drizzle
Druid,https://dbdb.io/db/druid,https://dbdb.io/media/logos/druid.svg,"Last updated June 27, 2022, 7:36 a.m.",druid
DuckDB,https://dbdb.io/db/duckdb,https://dbdb.io/media/logos/duckdb2023.svg,"Last updated Sept. 21, 2023, 12:33 p.m.",duckdb
DuctileDB,https://dbdb.io/db/ductiledb,https://dbdb.io/media/logos/ductiledb.svg,"Last updated Sept. 26, 2023, 10:22 p.m.",ductiledb
DyBASE,https://dbdb.io/db/dybase,https://dbdb.io/media/logos/dybase.svg,"Last updated June 29, 2022, 11:16 a.m.",dybase
DynomiteDB,https://dbdb.io/db/dynomitedb,https://dbdb.io/media/logos/dynomitedb_4ZlJ4FM.png.200x200_q85.png,"Last updated May 16, 2018, 8:04 p.m.",dynomitedb
Earthstar,https://dbdb.io/db/earthstar,https://dbdb.io/media/logos/earthstar.svg,"Last updated June 26, 2022, 11:12 p.m.",earthstar
EaseDB,https://dbdb.io/db/easedb,https://dbdb.io/static/core/images/database-nologo.svg,"Last updated Sept. 27, 2023, 8:21 p.m.",easedb
EchoDB,https://dbdb.io/db/echodb,https://dbdb.io/media/logos/echodb.svg,"Last updated Aug. 21, 2022, 2:59 p.m.",echodb
EdgeDB,https://dbdb.io/db/edgedb,https://dbdb.io/media/logos/edgedb.svg,"Last updated May 9, 2023, 2:06 a.m.",edgedb
EdgelessDB,https://dbdb.io/db/edgelessdb,https://dbdb.io/media/logos/edgelessdb.svg,"Last updated June 27, 2022, 7:38 a.m.",edgelessdb
Edis,https://dbdb.io/db/edis,https://dbdb.io/media/logos/edis.png.200x200_q85.png,"Last updated Sept. 28, 2023, 7:19 p.m.",edis
EffiProz,https://dbdb.io/db/effiproz,https://dbdb.io/media/logos/effiproz.png.200x200_q85.png,"Last updated Oct. 9, 2023, 8:45 p.m.",effiproz
Ehcache,https://dbdb.io/db/ehcache,https://dbdb.io/media/logos/ehcache.png.200x200_q85.png,"Last updated Oct. 9, 2023, 8:48 p.m.",ehcache
EinsteinDB,https://dbdb.io/db/einsteindb,https://dbdb.io/media/logos/einsteindb.svg,"Last updated Sept. 28, 2023, 7:49 p.m.",einsteindb
EJDB,https://dbdb.io/db/ejdb,https://dbdb.io/media/logos/ejdb.png.200x200_q85.png,"Last updated July 18, 2021, 10:25 p.m.",ejdb
Elara DB,https://dbdb.io/db/elara-db,https://dbdb.io/media/logos/elara.png.200x200_q85.png,"Last updated Jan. 6, 2022, 10:12 p.m.",elara-db
ElaSQL,https://dbdb.io/db/elasql,https://dbdb.io/media/logos/elasql.svg,"Last updated Sept. 13, 2023, 8:34 p.m.",elasql
Elasticsearch,https://dbdb.io/db/elasticsearch,https://dbdb.io/media/logos/elastic2021.svg,"Last updated Dec. 5, 2022, 5:04 p.m.",elasticsearch
ElephantDB,https://dbdb.io/db/elephantdb,https://dbdb.io/media/logos/elephantdb.png.200x200_q85.png,"Last updated June 1, 2018, 11:10 p.m.",elephantdb
Elevator,https://dbdb.io/db/elevator,https://dbdb.io/media/logos/elevator.png.200x200_q85.png,"Last updated Oct. 9, 2023, 8:44 p.m.",elevator
EliasDB,https://dbdb.io/db/eliasdb,https://dbdb.io/media/logos/eliasdb.png.200x200_q85.png,"Last updated Jan. 1, 2021, 12:10 p.m.",eliasdb
Elliptics,https://dbdb.io/db/elliptics,https://dbdb.io/media/logos/elliptics.png.200x200_q85.png,"Last updated Nov. 9, 2023, 9:53 p.m.",elliptics
Endatabas,https://dbdb.io/db/endatabas,https://dbdb.io/media/logos/endatabas2023.svg,"Last updated Sept. 21, 2023, 12:30 p.m.",endatabas
Engula,https://dbdb.io/db/engula,https://dbdb.io/media/logos/engula.png.200x200_q85.png,"Last updated Aug. 17, 2022, 12:03 p.m.",engula
EnnoDB,https://dbdb.io/db/ennodb,https://dbdb.io/static/core/images/database-nologo.svg,"Last updated Jan. 4, 2022, 8:28 p.m.",ennodb
Epsilla,https://dbdb.io/db/epsilla,https://dbdb.io/media/logos/epsilla.svg,"Last updated Sept. 4, 2023, 1:04 p.m.",epsilla
etcd,https://dbdb.io/db/etcd,https://dbdb.io/media/logos/etcd.svg,"Last updated June 27, 2022, 7:39 a.m.",etcd
EuclidesDB,https://dbdb.io/db/euclidesdb,https://dbdb.io/media/logos/euclidesdb.png.200x200_q85.png,"Last updated Sept. 17, 2020, 9:40 p.m.",euclidesdb
EuclidOLAP,https://dbdb.io/db/euclidolap,https://dbdb.io/media/logos/euclidolap.svg,"Last updated June 9, 2023, 3:28 p.m.",euclidolap
EVA DB,https://dbdb.io/db/eva-db,https://dbdb.io/media/logos/eva-db.svg,"Last updated May 4, 2023, 8:47 p.m.",eva-db
EVCache,https://dbdb.io/db/evcache,https://dbdb.io/media/logos/evcache.png.200x200_q85.png,"Last updated June 14, 2023, 8:55 p.m.",evcache
EventQL,https://dbdb.io/db/eventql,https://dbdb.io/media/logos/eventql.png.200x200_q85.png,"Last updated Oct. 9, 2023, 8:51 p.m.",eventql
Event Store,https://dbdb.io/db/event-store,https://dbdb.io/media/logos/eventstore.svg,"Last updated June 27, 2022, 7:41 a.m.",event-store
evitaDB,https://dbdb.io/db/evitadb,https://dbdb.io/media/logos/evitadb.svg,"Last updated Oct. 29, 2023, 6:37 p.m.",evitadb
eXist-db,https://dbdb.io/db/exist-db,https://dbdb.io/media/logos/existdb.png.200x200_q85.png,"Last updated June 30, 2022, 10:22 p.m.",exist-db
Extensible Storage Engine,https://dbdb.io/db/extensible-storage-engine,https://dbdb.io/static/core/images/database-nologo.svg,"Last updated May 8, 2022, 3:41 p.m.",extensible-storage-engine
EyeDB,https://dbdb.io/db/eyedb,https://dbdb.io/media/logos/eyedb.png.200x200_q85.png,"Last updated Oct. 8, 2023, 7:47 p.m.",eyedb
eyros,https://dbdb.io/db/eyros,https://dbdb.io/media/logos/eyros.svg,"Last updated June 27, 2022, 7:42 a.m.",eyros
Falcon,https://dbdb.io/db/falcon,https://dbdb.io/media/logos/mysql-falcon.png.200x200_q85.png,"Last updated Oct. 1, 2023, 8:20 a.m.",falcon
FalkorDB,https://dbdb.io/db/falkordb,https://dbdb.io/media/logos/falkordb.png.200x200_q85.png,"Last updated Aug. 17, 2023, 5:34 p.m.",falkordb
Fallen-8,https://dbdb.io/db/fallen-8,https://dbdb.io/media/logos/fallen-8.svg,"Last updated June 27, 2022, 7:52 a.m.",fallen-8
FastDB,https://dbdb.io/db/fastdb,https://dbdb.io/media/logos/fastdb.svg,"Last updated June 29, 2022, 11:18 a.m.",fastdb
FASTER,https://dbdb.io/db/faster,https://dbdb.io/media/logos/faster.png.200x200_q85.png,"Last updated Jan. 11, 2021, 6:31 p.m.",faster
FeatureBase,https://dbdb.io/db/featurebase,https://dbdb.io/media/logos/featurebase.svg,"Last updated July 11, 2023, 11:16 a.m.",featurebase
FeatureForm,https://dbdb.io/db/featureform,https://dbdb.io/media/logos/featureform.svg,"Last updated Sept. 12, 2023, 2:10 p.m.",featureform
FerretDB,https://dbdb.io/db/ferretdb,https://dbdb.io/media/logos/ferretdb.svg,"Last updated June 27, 2022, 12:03 p.m.",ferretdb
FileDB,https://dbdb.io/db/filedb,https://dbdb.io/media/logos/filedb_08V0UhI.png.200x200_q85.png,"Last updated March 29, 2022, 12:02 p.m.",filedb
FiloDB,https://dbdb.io/db/filodb,https://dbdb.io/media/logos/filedb.png.200x200_q85.png,"Last updated Jan. 7, 2022, 7:58 a.m.",filodb
FineDB,https://dbdb.io/db/finedb,https://dbdb.io/media/logos/finedb_3QD3tsO.png.200x200_q85.png,"Last updated Nov. 20, 2023, 10:23 a.m.",finedb
Firebird,https://dbdb.io/db/firebird,https://dbdb.io/media/logos/firebird.svg,"Last updated June 29, 2022, 11:20 a.m.",firebird
FlashDB,https://dbdb.io/db/flashdb,https://dbdb.io/media/logos/flashdb.png.200x200_q85.png,"Last updated May 30, 2021, 3:43 p.m.",flashdb
FleetDB,https://dbdb.io/db/fleetdb,https://dbdb.io/static/core/images/database-nologo.svg,"Last updated Jan. 7, 2022, 8:06 a.m.",fleetdb
FlockDB,https://dbdb.io/db/flockdb,https://dbdb.io/static/core/images/database-nologo.svg,"Last updated June 2, 2018, 10:46 p.m.",flockdb
Fluree,https://dbdb.io/db/fluree,https://dbdb.io/media/logos/flureedb.svg,"Last updated July 1, 2022, 1:52 p.m.",fluree
Fongo,https://dbdb.io/db/fongo,https://dbdb.io/static/core/images/database-nologo.svg,"Last updated July 1, 2022, 12:32 p.m.",fongo
ForestDB,https://dbdb.io/db/forestdb,https://dbdb.io/static/core/images/database-nologo.svg,"Last updated May 11, 2019, 8:07 p.m.",forestdb
FoundationDB,https://dbdb.io/db/foundationdb,https://dbdb.io/media/logos/foundationdb-horizontal.svg,"Last updated June 27, 2022, 7:56 a.m.",foundationdb
FramerD,https://dbdb.io/db/framerd,https://dbdb.io/media/logos/framerd.png.200x200_q85.png,"Last updated June 7, 2019, 10:11 p.m.",framerd
FrostDB,https://dbdb.io/db/frostdb,https://dbdb.io/media/logos/frostdb.png.200x200_q85.png,"Last updated Oct. 17, 2023, 9:51 a.m.",frostdb
FuelDB,https://dbdb.io/db/fueldb,https://dbdb.io/media/logos/fueldb.svg,"Last updated June 27, 2022, 7:56 a.m.",fueldb
Gadfly,https://dbdb.io/db/gadfly,https://dbdb.io/static/core/images/database-nologo.svg,"Last updated Oct. 1, 2023, 9:02 a.m.",gadfly
Gaffer,https://dbdb.io/db/gaffer,https://dbdb.io/media/logos/gaffer.png.200x200_q85.png,"Last updated Jan. 4, 2022, 7:54 a.m.",gaffer
Gaia,https://dbdb.io/db/gaia,https://dbdb.io/media/logos/gaia.png.200x200_q85.png,"Last updated Sept. 24, 2023, 6:48 p.m.",gaia
Genji,https://dbdb.io/db/genji,https://dbdb.io/media/logos/genji.svg,"Last updated June 27, 2022, 7:59 a.m.",genji
Geode,https://dbdb.io/db/geode,https://dbdb.io/media/logos/apache-geode.svg,"Last updated July 11, 2023, 10:47 a.m.",geode
GhostDB,https://dbdb.io/db/ghostdb,https://dbdb.io/media/logos/ghostdb.png.200x200_q85.png,"Last updated June 14, 2023, 9 p.m.",ghostdb
GigaBASE,https://dbdb.io/db/gigabase,https://dbdb.io/media/logos/gigabase.svg,"Last updated June 29, 2022, 11:21 a.m.",gigabase
GlareDB,https://dbdb.io/db/glaredb,https://dbdb.io/media/logos/glaredb.svg,"Last updated June 9, 2023, 10:30 a.m.",glaredb
Gnocchi,https://dbdb.io/db/gnocchi,https://dbdb.io/media/logos/gnocchi.svg,"Last updated June 9, 2023, 2:54 p.m.",gnocchi
GNU SQL Server,https://dbdb.io/db/gnu-sql-server,https://dbdb.io/static/core/images/database-nologo.svg,"Last updated May 17, 2018, 9:16 p.m.",gnu-sql-server
GOODS,https://dbdb.io/db/goods,https://dbdb.io/media/logos/goods.png.200x200_q85.png,"Last updated May 24, 2018, 5:27 a.m.",goods
GoshawkDB,https://dbdb.io/db/goshawkdb,https://dbdb.io/media/logos/goshawkdb.png.200x200_q85.png,"Last updated Sept. 28, 2023, 9:25 p.m.",goshawkdb
GrapheekDB,https://dbdb.io/db/grapheekdb,https://dbdb.io/media/logos/grapheekdb.png.200x200_q85.png,"Last updated April 17, 2020, 3:27 p.m.",grapheekdb
Graphik,https://dbdb.io/db/graphik,https://dbdb.io/media/logos/graphik.png.200x200_q85.png,"Last updated Jan. 29, 2021, 10:26 a.m.",graphik
Graviton,https://dbdb.io/db/graviton,https://dbdb.io/media/logos/graviton.png.200x200_q85.png,"Last updated Sept. 28, 2023, 7:29 p.m.",graviton
GreatSQL,https://dbdb.io/db/greatsql,https://dbdb.io/media/logos/greatsql.png.200x200_q85.png,"Last updated Nov. 1, 2023, 3:39 p.m.",greatsql
Greenplum,https://dbdb.io/db/greenplum,https://dbdb.io/media/logos/greenplum.svg,"Last updated July 11, 2023, 9:16 a.m.",greenplum
GreptimeDB,https://dbdb.io/db/greptimedb,https://dbdb.io/media/logos/greptimedb.svg,"Last updated Nov. 18, 2022, 9:50 p.m.",greptimedb
GridDB,https://dbdb.io/db/griddb,https://dbdb.io/media/logos/griddb.png.200x200_q85.png,"Last updated Jan. 3, 2022, 10:58 p.m.",griddb
GridGain,https://dbdb.io/db/gridgain,https://dbdb.io/media/logos/gridgain.svg,"Last updated June 30, 2022, 11:15 p.m.",gridgain
GUN,https://dbdb.io/db/gun,https://dbdb.io/media/logos/gun.svg,"Last updated June 27, 2022, 9:16 a.m.",gun
H2,https://dbdb.io/db/h2,https://dbdb.io/media/logos/h2-logo.svg,"Last updated Nov. 17, 2022, 9:37 a.m.",h2
HailDB,https://dbdb.io/db/haildb,https://dbdb.io/media/logos/haildb.svg,"Last updated Oct. 3, 2023, 7:18 a.m.",haildb
HaloDB,https://dbdb.io/db/halodb,https://dbdb.io/static/core/images/database-nologo.svg,"Last updated April 23, 2019, 7:25 p.m.",halodb
HampusDB,https://dbdb.io/db/hampusdb,https://dbdb.io/media/logos/hampusdb.jpg.200x200_q85.jpg,"Last updated May 4, 2020, 11:24 a.m.",hampusdb
HanoiDB,https://dbdb.io/db/hanoidb,https://dbdb.io/static/core/images/database-nologo.svg,"Last updated June 8, 2018, 10:43 p.m.",hanoidb
HAWQ,https://dbdb.io/db/hawq,https://dbdb.io/media/logos/hawq.svg,"Last updated Sept. 26, 2023, 2:35 p.m.",hawq
Hazelcast,https://dbdb.io/db/hazelcast,https://dbdb.io/media/logos/hazelcast.svg,"Last updated June 27, 2022, 9:18 a.m.",hazelcast
HBase,https://dbdb.io/db/hbase,https://dbdb.io/media/logos/hbase_logo.svg,"Last updated June 26, 2022, 11:22 p.m.",hbase
HeavyDB,https://dbdb.io/db/heavydb,https://dbdb.io/media/logos/heavydb.png.200x200_q85.png,"Last updated June 30, 2022, 10:19 p.m.",heavydb
HerdDB,https://dbdb.io/db/herddb,https://dbdb.io/media/logos/herddb.png.200x200_q85.png,"Last updated Sept. 10, 2019, 11:50 a.m.",herddb
Heroic,https://dbdb.io/db/heroic,https://dbdb.io/media/logos/heroicdb.png.200x200_q85.png,"Last updated Dec. 10, 2019, 11:36 p.m.",heroic
Hibari,https://dbdb.io/db/hibari,https://dbdb.io/media/logos/hibari.png.200x200_q85.png,"Last updated June 9, 2018, 8:12 a.m.",hibari
hipsterDB,https://dbdb.io/db/hipsterdb,https://dbdb.io/static/core/images/database-nologo.svg,"Last updated Oct. 3, 2023, 7:19 a.m.",hipsterdb
Histore,https://dbdb.io/db/histore,https://dbdb.io/media/logos/histore.png.200x200_q85.png,"Last updated Sept. 28, 2023, 8:14 p.m.",histore
Hive,https://dbdb.io/db/hive,https://dbdb.io/media/logos/apache_hive.svg,"Last updated June 26, 2022, 11:35 p.m.",hive
Hive (Dart),https://dbdb.io/db/hive-dart,https://dbdb.io/media/logos/hive.svg,"Last updated June 27, 2022, 9:20 a.m.",hive-dart
HollowDB,https://dbdb.io/db/hollowdb,https://dbdb.io/media/logos/hollowdb.svg,"Last updated June 15, 2023, 10:46 a.m.",hollowdb
H-Store,https://dbdb.io/db/h-store,https://dbdb.io/media/logos/hstore.svg,"Last updated June 29, 2022, 11:15 p.m.",h-store
HStreamDB,https://dbdb.io/db/hstreamdb,https://dbdb.io/media/logos/hstream.png.200x200_q85.png,"Last updated May 6, 2023, 10:04 p.m.",hstreamdb
HugeGraph,https://dbdb.io/db/hugegraph,https://dbdb.io/media/logos/hugegraph.svg,"Last updated Sept. 24, 2023, 10:28 a.m.",hugegraph
Hydra,https://dbdb.io/db/hydra,https://dbdb.io/media/logos/hydra.svg,"Last updated Dec. 13, 2022, 7:48 p.m.",hydra
HyperDB,https://dbdb.io/db/hyperdb,https://dbdb.io/media/logos/hyperdb.png.200x200_q85.png,"Last updated Sept. 22, 2023, 8:03 p.m.",hyperdb
HyperDex,https://dbdb.io/db/hyperdex,https://dbdb.io/media/logos/hyperdex.svg,"Last updated June 26, 2022, 11:08 p.m.",hyperdex
HyperGraphDB,https://dbdb.io/db/hypergraphdb,https://dbdb.io/media/logos/hypergraphdb.jpg.200x200_q85.jpg,"Last updated Jan. 3, 2022, 10:06 p.m.",hypergraphdb
HyperSQL,https://dbdb.io/db/hypersql,https://dbdb.io/media/logos/hypersql.png.200x200_q85.png,"Last updated Jan. 3, 2022, 9:52 p.m.",hypersql
Hypertable,https://dbdb.io/db/hypertable,https://dbdb.io/media/logos/hypertable.png.200x200_q85.png,"Last updated Jan. 3, 2022, 9:53 p.m.",hypertable
Hyrise,https://dbdb.io/db/hyrise,https://dbdb.io/media/logos/hyrise.png.200x200_q85.png,"Last updated Jan. 3, 2022, 9:54 p.m.",hyrise
Icecoal,https://dbdb.io/db/icecoal,https://dbdb.io/media/logos/icecoal.png.200x200_q85.png,"Last updated July 7, 2023, 12:39 p.m.",icecoal
IceFireDB,https://dbdb.io/db/icefiredb,https://dbdb.io/media/logos/icefiredb.png.200x200_q85.png,"Last updated Dec. 30, 2021, 10:43 a.m.",icefiredb
Ignite,https://dbdb.io/db/ignite,https://dbdb.io/media/logos/apache-ignite.svg,"Last updated June 30, 2022, 11:16 p.m.",ignite
ImmortalDB,https://dbdb.io/db/immortaldb,https://dbdb.io/media/logos/immortaldb.png.200x200_q85.png,"Last updated Nov. 15, 2023, 7:12 p.m.",immortaldb
Immudb,https://dbdb.io/db/immudb,https://dbdb.io/media/logos/immudb.png.200x200_q85.png,"Last updated Jan. 3, 2022, 9:57 p.m.",immudb
Impala,https://dbdb.io/db/impala,https://dbdb.io/media/logos/apache-impala.svg,"Last updated April 10, 2023, 10:04 a.m.",impala
InfiniDB,https://dbdb.io/db/infinidb,https://dbdb.io/media/logos/infinidb.png.200x200_q85.png,"Last updated June 30, 2022, 10:35 p.m.",infinidb
Infinispan,https://dbdb.io/db/infinispan,https://dbdb.io/media/logos/infinispan.svg,"Last updated Sept. 26, 2023, 2:33 p.m.",infinispan
InfiniSQL,https://dbdb.io/db/infinisql,https://dbdb.io/media/logos/infinisql.png.200x200_q85.png,"Last updated Jan. 5, 2022, 7:37 a.m.",infinisql
InfluxDB,https://dbdb.io/db/influxdb,https://dbdb.io/media/logos/InfluxDB.svg,"Last updated April 24, 2023, 10:52 a.m.",influxdb
InfoGrid,https://dbdb.io/db/infogrid,https://dbdb.io/media/logos/infogrid.png.200x200_q85.png,"Last updated Jan. 3, 2022, 10:29 p.m.",infogrid
Ingres,https://dbdb.io/db/ingres,https://dbdb.io/media/logos/ingres.svg,"Last updated Sept. 24, 2023, 4:39 p.m.",ingres
IonDB,https://dbdb.io/db/iondb,https://dbdb.io/media/logos/iondb.svg,"Last updated June 27, 2022, 9:25 a.m.",iondb
IoTDB,https://dbdb.io/db/iotdb,https://dbdb.io/media/logos/iotdb.svg,"Last updated June 27, 2022, 9:25 a.m.",iotdb
Irmin,https://dbdb.io/db/irmin,https://dbdb.io/media/logos/irmin.svg,"Last updated June 27, 2022, 9:25 a.m.",irmin
Jackrabbit,https://dbdb.io/db/jackrabbit,https://dbdb.io/media/logos/apache-jackrabbit.svg,"Last updated July 1, 2022, 8:51 a.m.",jackrabbit
JaguarDB,https://dbdb.io/db/jaguardb,https://dbdb.io/media/logos/jaguardb.png.200x200_q85.png,"Last updated Sept. 4, 2023, 2:41 p.m.",jaguardb
JanusGraph,https://dbdb.io/db/janusgraph,https://dbdb.io/media/logos/janusgraph.png.200x200_q85.png,"Last updated Aug. 26, 2022, 10:10 p.m.",janusgraph
JasDB,https://dbdb.io/db/jasdb,https://dbdb.io/media/logos/jasdb.png.200x200_q85.png,"Last updated Jan. 4, 2022, 8:40 p.m.",jasdb
Jena,https://dbdb.io/db/jena,https://dbdb.io/media/logos/jena.png.200x200_q85.png,"Last updated Jan. 6, 2022, 10:18 p.m.",jena
JinDB,https://dbdb.io/db/jindb,https://dbdb.io/media/logos/jindb.svg,"Last updated Sept. 28, 2023, 7:38 p.m.",jindb
JSDB,https://dbdb.io/db/jsdb,https://dbdb.io/static/core/images/database-nologo.svg,"Last updated Nov. 19, 2020, 7:28 p.m.",jsdb
jsonstore.io,https://dbdb.io/db/jsonstoreio,https://dbdb.io/media/logos/jsonstore_2VMuQ5A.png.200x200_q85.png,"Last updated Jan. 3, 2022, 11:03 p.m.",jsonstoreio
JSqlDb,https://dbdb.io/db/jsqldb,https://dbdb.io/media/logos/jsqldb.svg,"Last updated June 27, 2022, 9:28 a.m.",jsqldb
JuliaDB,https://dbdb.io/db/juliadb,https://dbdb.io/media/logos/juliadb.svg,"Last updated June 27, 2022, 9:32 a.m.",juliadb
JunoDB,https://dbdb.io/db/junodb,https://dbdb.io/static/core/images/database-nologo.svg,"Last updated May 27, 2023, 7:57 a.m.",junodb
JustinDB,https://dbdb.io/db/justindb,https://dbdb.io/media/logos/justindb.png.200x200_q85.png,"Last updated Dec. 8, 2019, 9:42 p.m.",justindb
KahaDB,https://dbdb.io/db/kahadb,https://dbdb.io/static/core/images/database-nologo.svg,"Last updated June 9, 2018, 9:01 a.m.",kahadb
Kai,https://dbdb.io/db/kai,https://dbdb.io/media/logos/kai.png.200x200_q85.png,"Last updated Oct. 9, 2023, 9:35 p.m.",kai
KairosDB,https://dbdb.io/db/kairosdb,https://dbdb.io/media/logos/kairosdb.svg,"Last updated June 27, 2022, 9:33 a.m.",kairosdb
KarelDB,https://dbdb.io/db/kareldb,https://dbdb.io/static/core/images/database-nologo.svg,"Last updated Oct. 2, 2019, 11:37 a.m.",kareldb
KekeDB,https://dbdb.io/db/kekedb,https://dbdb.io/static/core/images/database-nologo.svg,"Last updated May 30, 2021, 3:57 p.m.",kekedb
Kerf,https://dbdb.io/db/kerf,https://dbdb.io/media/logos/kerf-small.png.200x200_q85.png,"Last updated June 9, 2018, 10:31 a.m.",kerf
KeyDB,https://dbdb.io/db/keydb,https://dbdb.io/media/logos/keydb.svg,"Last updated Sept. 28, 2023, 7:12 p.m.",keydb
KingDB,https://dbdb.io/db/kingdb,https://dbdb.io/static/core/images/database-nologo.svg,"Last updated April 6, 2022, 12:30 p.m.",kingdb
Kinto,https://dbdb.io/db/kinto,https://dbdb.io/media/logos/kinto_dPsfoLi.svg,"Last updated June 27, 2022, 10:20 a.m.",kinto
KirbyBase,https://dbdb.io/db/kirbybase,https://dbdb.io/media/logos/kirbybase.jpg.200x200_q85.jpg,"Last updated June 5, 2019, 11:12 p.m.",kirbybase
Krati,https://dbdb.io/db/krati,https://dbdb.io/static/core/images/database-nologo.svg,"Last updated June 1, 2018, 11:41 p.m.",krati
ksqlDB,https://dbdb.io/db/ksqldb,https://dbdb.io/media/logos/ksqldb-rocket.svg,"Last updated June 27, 2022, 9:45 a.m.",ksqldb
Kudu,https://dbdb.io/db/kudu,https://dbdb.io/media/logos/apache-kudu.png.200x200_q85.png,"Last updated Jan. 4, 2022, 12:27 p.m.",kudu
Kunlun,https://dbdb.io/db/kunlun,https://dbdb.io/media/logos/kunlun.svg,"Last updated June 27, 2022, 9:45 a.m.",kunlun
KÃ¹zu,https://dbdb.io/db/kuzu,https://dbdb.io/media/logos/kuzu.svg,"Last updated Nov. 1, 2023, 9:16 a.m.",kuzu
Kvrocks,https://dbdb.io/db/kvrocks,https://dbdb.io/media/logos/kvrocks.png.200x200_q85.png,"Last updated March 22, 2023, 10:04 a.m.",kvrocks
Kylin,https://dbdb.io/db/kylin,https://dbdb.io/media/logos/kylin.png.200x200_q85.png,"Last updated Jan. 3, 2022, 11:06 p.m.",kylin
Kyoto Cabinet,https://dbdb.io/db/kyoto-cabinet,https://dbdb.io/media/logos/kyotocabinet.png.200x200_q85.png,"Last updated Dec. 11, 2018, 4:19 p.m.",kyoto-cabinet
Kyoto Tycoon,https://dbdb.io/db/kyoto-tycoon,https://dbdb.io/static/core/images/database-nologo.svg,"Last updated July 19, 2019, 12:08 a.m.",kyoto-tycoon
LanceDB,https://dbdb.io/db/lancedb,https://dbdb.io/media/logos/lancedb.svg,"Last updated July 26, 2023, 5:36 p.m.",lancedb
Lazer,https://dbdb.io/db/lazer,https://dbdb.io/static/core/images/database-nologo.svg,"Last updated Jan. 1, 2019, 12:40 a.m.",lazer
Lealone,https://dbdb.io/db/lealone,https://dbdb.io/media/logos/lealone.png.200x200_q85.png,"Last updated Oct. 1, 2023, 8:31 p.m.",lealone
LEAP,https://dbdb.io/db/leap,https://dbdb.io/media/logos/leap.png.200x200_q85.png,"Last updated May 8, 2022, 8:41 p.m.",leap
LedisDB,https://dbdb.io/db/ledisdb,https://dbdb.io/media/logos/ledisdb.png.200x200_q85.png,"Last updated Sept. 28, 2023, 7:18 p.m.",ledisdb
libmdbx,https://dbdb.io/db/libmdbx,https://dbdb.io/static/core/images/database-nologo.svg,"Last updated Dec. 8, 2019, 9:53 p.m.",libmdbx
libSQL,https://dbdb.io/db/libsql,https://dbdb.io/media/logos/libsql.svg,"Last updated Nov. 9, 2023, 10:06 p.m.",libsql
LightCloud,https://dbdb.io/db/lightcloud,https://dbdb.io/media/logos/lightcloud.png.200x200_q85.png,"Last updated Oct. 1, 2023, 7:19 p.m.",lightcloud
LightDB,https://dbdb.io/db/lightdb,https://dbdb.io/media/logos/lightdb.png.200x200_q85.png,"Last updated Dec. 7, 2023, 2:59 p.m.",lightdb
LinDB,https://dbdb.io/db/lindb,https://dbdb.io/media/logos/lindb.png.200x200_q85.png,"Last updated May 6, 2020, 9:50 a.m.",lindb
LineairDB,https://dbdb.io/db/lineairdb,https://dbdb.io/static/core/images/database-nologo.svg,"Last updated Dec. 16, 2021, 9:58 a.m.",lineairdb
LingoDB,https://dbdb.io/db/lingodb,https://dbdb.io/media/logos/lingodb.svg,"Last updated June 16, 2023, 12:46 p.m.",lingodb
LiteDB,https://dbdb.io/db/litedb,https://dbdb.io/media/logos/litedb.svg,"Last updated June 27, 2022, 9:47 a.m.",litedb
LittleD,https://dbdb.io/db/littled,https://dbdb.io/static/core/images/database-nologo.svg,"Last updated April 26, 2018, 11:17 a.m.",littled
LlamaDB,https://dbdb.io/db/llamadb,https://dbdb.io/static/core/images/database-nologo.svg,"Last updated May 16, 2018, 7:20 p.m.",llamadb
LMDB,https://dbdb.io/db/lmdb,https://dbdb.io/media/logos/lmdb.svg,"Last updated Nov. 20, 2023, 10:21 a.m.",lmdb
LocalSQL,https://dbdb.io/db/localsql,https://dbdb.io/media/logos/localsql.jpg.200x200_q85.jpg,"Last updated Dec. 29, 2019, 6:22 p.m.",localsql
LocustDB,https://dbdb.io/db/locustdb,https://dbdb.io/media/logos/locustdb.png.200x200_q85.png,"Last updated Jan. 9, 2022, 8:18 a.m.",locustdb
LokiJS,https://dbdb.io/db/lokijs,https://dbdb.io/media/logos/lokijs.png.200x200_q85.png,"Last updated Sept. 28, 2023, 8:34 p.m.",lokijs
LonaDB,https://dbdb.io/db/lonadb,https://dbdb.io/media/logos/lonadb.svg,"Last updated Sept. 26, 2023, 5:08 p.m.",lonadb
Lovefield,https://dbdb.io/db/lovefield,https://dbdb.io/media/logos/lovefield.png.200x200_q85.png,"Last updated Oct. 1, 2023, 1:42 p.m.",lovefield
LowDB,https://dbdb.io/db/lowdb,https://dbdb.io/static/core/images/database-nologo.svg,"Last updated Jan. 7, 2022, 9:35 a.m.",lowdb
Lucene,https://dbdb.io/db/lucene,https://dbdb.io/media/logos/apache-lucene.svg,"Last updated Dec. 5, 2022, 5:01 p.m.",lucene
LucidDB,https://dbdb.io/db/luciddb,https://dbdb.io/media/logos/luciddb_Z1MRu61.png.200x200_q85.png,"Last updated Jan. 4, 2022, 9:42 a.m.",luciddb
LungoDB,https://dbdb.io/db/lungodb,https://dbdb.io/media/logos/lungodb.png.200x200_q85.png,"Last updated Nov. 10, 2019, 9:20 p.m.",lungodb
M3DB,https://dbdb.io/db/m3db,https://dbdb.io/media/logos/m3db.svg,"Last updated June 30, 2022, 10:26 p.m.",m3db
Magma,https://dbdb.io/db/magma,https://dbdb.io/media/logos/magma.png.200x200_q85.png,"Last updated June 5, 2019, 9:02 p.m.",magma
MangoDB,https://dbdb.io/db/mangodb,https://dbdb.io/media/logos/mangodb.png.200x200_q85.png,"Last updated Sept. 17, 2020, 9:42 p.m.",mangodb
Manticore Search,https://dbdb.io/db/manticore-search,https://dbdb.io/media/logos/manticoresearch.svg,"Last updated Sept. 26, 2023, 5:20 p.m.",manticore-search
MapDB,https://dbdb.io/db/mapdb,https://dbdb.io/media/logos/mapdb.png.200x200_q85.png,"Last updated Jan. 4, 2022, 9:54 p.m.",mapdb
MarcelloDB,https://dbdb.io/db/marcellodb,https://dbdb.io/media/logos/marcellodb.svg,"Last updated June 27, 2022, 9:48 a.m.",marcellodb
MariaDB,https://dbdb.io/db/mariadb,https://dbdb.io/media/logos/Mariadb-seal-browntext.svg,"Last updated June 27, 2022, 11:37 a.m.",mariadb
Mariposa,https://dbdb.io/db/mariposa,https://dbdb.io/media/logos/mariposa.png.200x200_q85.png,"Last updated Jan. 17, 2019, 10:15 p.m.",mariposa
Marqo,https://dbdb.io/db/marqo,https://dbdb.io/media/logos/marqo.svg,"Last updated Sept. 12, 2023, 2:08 p.m.",marqo
MatrixOne,https://dbdb.io/db/matrixone,https://dbdb.io/media/logos/matrixone2023.png.200x200_q85.png,"Last updated Sept. 24, 2023, 10:51 a.m.",matrixone
mcdb,https://dbdb.io/db/mcdb,https://dbdb.io/static/core/images/database-nologo.svg,"Last updated June 1, 2018, 8:51 p.m.",mcdb
Mckoi SQL Database,https://dbdb.io/db/mckoi-sql-database,https://dbdb.io/media/logos/mckoi.png.200x200_q85.png,"Last updated June 30, 2022, 10:59 p.m.",mckoi-sql-database
Meilisearch,https://dbdb.io/db/meilisearch,https://dbdb.io/media/logos/meilisearch.svg,"Last updated July 1, 2022, 12:47 p.m.",meilisearch
Memcached,https://dbdb.io/db/memcached,https://dbdb.io/media/logos/memcached2021.svg,"Last updated June 14, 2023, 3:12 p.m.",memcached
Memgraph,https://dbdb.io/db/memgraph,https://dbdb.io/media/logos/memgraph.svg,"Last updated Jan. 3, 2023, 12:30 p.m.",memgraph
Memstate,https://dbdb.io/db/memstate,https://dbdb.io/media/logos/memstate.png.200x200_q85.png,"Last updated Dec. 10, 2019, 3:59 p.m.",memstate
Mentat,https://dbdb.io/db/mentat,https://dbdb.io/media/logos/mentat.png.200x200_q85.png,"Last updated Jan. 6, 2022, 10:31 p.m.",mentat
MetalBase,https://dbdb.io/db/metalbase,https://dbdb.io/media/logos/metalbase.svg,"Last updated Oct. 1, 2023, 8:28 a.m.",metalbase
Milvus,https://dbdb.io/db/milvus,https://dbdb.io/media/logos/milvus.svg,"Last updated Sept. 12, 2023, 2:08 p.m.",milvus
MLDB,https://dbdb.io/db/mldb,https://dbdb.io/media/logos/mldbai.png.200x200_q85.png,"Last updated June 9, 2018, 8:56 a.m.",mldb
Mnesia,https://dbdb.io/db/mnesia,https://dbdb.io/media/logos/mnesia.png.200x200_q85.png,"Last updated Nov. 12, 2019, 10:14 a.m.",mnesia
ModeShape,https://dbdb.io/db/modeshape,https://dbdb.io/media/logos/modeshape.png.200x200_q85.png,"Last updated Jan. 8, 2022, 8:46 a.m.",modeshape
Mondrian,https://dbdb.io/db/mondrian,https://dbdb.io/media/logos/modrian.png.200x200_q85.png,"Last updated Sept. 24, 2023, 6:12 p.m.",mondrian
MonetDB,https://dbdb.io/db/monetdb,https://dbdb.io/media/logos/monetdb.png.200x200_q85.png,"Last updated Jan. 4, 2022, 10:41 p.m.",monetdb
MongoDB,https://dbdb.io/db/mongodb,https://dbdb.io/media/logos/mongodb-2023.svg,"Last updated May 17, 2023, 11:22 a.m.",mongodb
Mulgara,https://dbdb.io/db/mulgara,https://dbdb.io/media/logos/mulgara.png.200x200_q85.png,"Last updated June 3, 2018, 10:11 p.m.",mulgara
mutable,https://dbdb.io/db/mutable,https://dbdb.io/media/logos/mutable.svg,"Last updated June 27, 2022, 11:43 a.m.",mutable
MySQL,https://dbdb.io/db/mysql,https://dbdb.io/media/logos/MySQL.svg,"Last updated Sept. 24, 2023, 6:13 p.m.",mysql
Nanolat,https://dbdb.io/db/nanolat,https://dbdb.io/static/core/images/database-nologo.svg,"Last updated Jan. 8, 2022, 8:49 a.m.",nanolat
NCache,https://dbdb.io/db/ncache,https://dbdb.io/media/logos/ncache.svg,"Last updated Sept. 28, 2023, 5:45 p.m.",ncache
NDatabase,https://dbdb.io/db/ndatabase,https://dbdb.io/media/logos/ndatabase.png.200x200_q85.png,"Last updated June 5, 2019, 7:16 p.m.",ndatabase
NDB Cluster,https://dbdb.io/db/ndb-cluster,https://dbdb.io/static/core/images/database-nologo.svg,"Last updated Nov. 5, 2019, 8:10 p.m.",ndb-cluster
Nebula Graph,https://dbdb.io/db/nebula-graph,https://dbdb.io/media/logos/nebulagraph_YYWOJIX.png.200x200_q85.png,"Last updated Jan. 4, 2022, 8:05 a.m.",nebula-graph
NeDB,https://dbdb.io/db/nedb,https://dbdb.io/media/logos/nedb.png.200x200_q85.png,"Last updated Sept. 27, 2023, 8:22 p.m.",nedb
NEO,https://dbdb.io/db/neo,https://dbdb.io/media/logos/neo.png.200x200_q85.png,"Last updated May 13, 2022, 11:01 a.m.",neo
Neo4j,https://dbdb.io/db/neo4j,https://dbdb.io/media/logos/neo4j.svg,"Last updated June 26, 2022, 10:59 p.m.",neo4j
NeoDatis ODB,https://dbdb.io/db/neodatis-odb,https://dbdb.io/media/logos/neodatis.png.200x200_q85.png,"Last updated Sept. 28, 2023, 7:08 p.m.",neodatis-odb
Neon,https://dbdb.io/db/neon,https://dbdb.io/media/logos/neon.svg,"Last updated Aug. 8, 2023, 5:05 p.m.",neon
nessDB,https://dbdb.io/db/nessdb,https://dbdb.io/media/logos/nessdb.png.200x200_q85.png,"Last updated Dec. 29, 2019, 3:26 p.m.",nessdb
Nitrite,https://dbdb.io/db/nitrite,https://dbdb.io/media/logos/nitrite2023.svg,"Last updated Oct. 8, 2023, 10:18 p.m.",nitrite
NoisePage,https://dbdb.io/db/noisepage,https://dbdb.io/media/logos/noisepage-horizontal.svg,"Last updated June 27, 2022, 11:01 p.m.",noisepage
Noms,https://dbdb.io/db/noms,https://dbdb.io/media/logos/noms-db.svg,"Last updated June 27, 2022, 11:45 a.m.",noms
NosDB,https://dbdb.io/db/nosdb,https://dbdb.io/media/logos/nosdb.png.200x200_q85.png,"Last updated Sept. 28, 2023, 5:36 p.m.",nosdb
NucliaDB,https://dbdb.io/db/nucliadb,https://dbdb.io/media/logos/nucliadb.svg,"Last updated Sept. 12, 2023, 2:14 p.m.",nucliadb
NuDB,https://dbdb.io/db/nudb,https://dbdb.io/media/logos/nudb_i52u7II.png.200x200_q85.png,"Last updated July 24, 2019, 11 a.m.",nudb
NutsDB,https://dbdb.io/db/nutsdb,https://dbdb.io/media/logos/nutsdb-2021.png.200x200_q85.png,"Last updated Dec. 14, 2021, 10:38 a.m.",nutsdb
ObjectBox,https://dbdb.io/db/objectbox,https://dbdb.io/media/logos/objectbox.png.200x200_q85.png,"Last updated June 14, 2023, 11:24 a.m.",objectbox
OceanBase,https://dbdb.io/db/oceanbase,https://dbdb.io/media/logos/oceanbase_logo_-_2023.png.200x200_q85.png,"Last updated April 4, 2023, 6:46 a.m.",oceanbase
Ocelot,https://dbdb.io/db/ocelot,https://dbdb.io/media/logos/ocelot.png.200x200_q85.png,"Last updated Sept. 29, 2023, 10:04 p.m.",ocelot
ODABA,https://dbdb.io/db/odaba,https://dbdb.io/media/logos/odaba.png.200x200_q85.png,"Last updated April 26, 2021, 10:31 a.m.",odaba
OlegDB,https://dbdb.io/db/olegdb,https://dbdb.io/media/logos/olegdb.svg,"Last updated June 27, 2022, 11:45 a.m.",olegdb
openGemini,https://dbdb.io/db/opengemini,https://dbdb.io/media/logos/opengemini.png.200x200_q85.png,"Last updated June 9, 2023, 10:39 a.m.",opengemini
OpenMLDB,https://dbdb.io/db/openmldb,https://dbdb.io/media/logos/openmldb.png.200x200_q85.png,"Last updated July 28, 2021, 8:11 p.m.",openmldb
OpenQM,https://dbdb.io/db/openqm,https://dbdb.io/media/logos/openqm.png.200x200_q85.png,"Last updated June 3, 2018, 7:15 a.m.",openqm
OpenTSDB,https://dbdb.io/db/opentsdb,https://dbdb.io/media/logos/opentsdb.png.200x200_q85.png,"Last updated July 26, 2023, 1:19 p.m.",opentsdb
Oracle NoSQL,https://dbdb.io/db/oracle-nosql,https://dbdb.io/media/logos/oracle-nosql.png.200x200_q85.png,"Last updated Jan. 3, 2022, 10:46 p.m.",oracle-nosql
OrbitDB,https://dbdb.io/db/orbitdb,https://dbdb.io/media/logos/orbitdb2022.png.200x200_q85.png,"Last updated Jan. 3, 2022, 10:49 p.m.",orbitdb
OrientDB,https://dbdb.io/db/orientdb,https://dbdb.io/media/logos/orientdb.svg,"Last updated June 27, 2022, 11:02 p.m.",orientdb
OrigoDB,https://dbdb.io/db/origodb,https://dbdb.io/media/logos/origodb.png.200x200_q85.png,"Last updated Dec. 10, 2019, 4:51 p.m.",origodb
OrioleDB,https://dbdb.io/db/orioledb,https://dbdb.io/media/logos/orioledb.svg,"Last updated July 16, 2023, 12:20 p.m.",orioledb
Oxia,https://dbdb.io/db/oxia,https://dbdb.io/media/logos/oxia.png.200x200_q85.png,"Last updated Sept. 27, 2023, 9:28 p.m.",oxia
PalDB,https://dbdb.io/db/paldb,https://dbdb.io/static/core/images/database-nologo.svg,"Last updated Sept. 17, 2020, 10:49 p.m.",paldb
Paper,https://dbdb.io/db/paper,https://dbdb.io/media/logos/paper.png.200x200_q85.png,"Last updated Oct. 8, 2023, 10:21 p.m.",paper
PearlDB,https://dbdb.io/db/pearldb,https://dbdb.io/static/core/images/database-nologo.svg,"Last updated Sept. 13, 2023, 10:30 p.m.",pearldb
Pebble,https://dbdb.io/db/pebble,https://dbdb.io/media/logos/pebble.svg,"Last updated June 27, 2022, 11:50 a.m.",pebble
Percona Server,https://dbdb.io/db/percona-server,https://dbdb.io/media/logos/percona-mysql.png.200x200_q85.png,"Last updated Jan. 10, 2022, 8:22 p.m.",percona-server
Perst,https://dbdb.io/db/perst,https://dbdb.io/media/logos/perst.svg,"Last updated June 27, 2022, 10:56 a.m.",perst
Phoenix,https://dbdb.io/db/phoenix,https://dbdb.io/media/logos/apache-phoenix.svg,"Last updated July 3, 2022, 8:43 a.m.",phoenix
PhotonDB,https://dbdb.io/db/photondb,https://dbdb.io/media/logos/photondb.svg,"Last updated Aug. 17, 2022, 9:30 a.m.",photondb
pickleDB,https://dbdb.io/db/pickledb,https://dbdb.io/media/logos/pickledb.png.200x200_q85.png,"Last updated Jan. 4, 2022, 10:21 a.m.",pickledb
PicoDB,https://dbdb.io/db/picodb,https://dbdb.io/static/core/images/database-nologo.svg,"Last updated Dec. 29, 2019, 3:20 p.m.",picodb
picoSQL,https://dbdb.io/db/picosql,https://dbdb.io/media/logos/picosql.png.200x200_q85.png,"Last updated Sept. 29, 2023, 10:06 p.m.",picosql
Pika,https://dbdb.io/db/pika,https://dbdb.io/media/logos/pika.svg,"Last updated June 27, 2022, 10:57 p.m.",pika
piladb,https://dbdb.io/db/piladb,https://dbdb.io/media/logos/piladb.png.200x200_q85.png,"Last updated June 8, 2018, 11:11 p.m.",piladb
Pilosa,https://dbdb.io/db/pilosa,https://dbdb.io/media/logos/pilosa.svg,"Last updated Sept. 12, 2023, 2:14 p.m.",pilosa
Pincaster,https://dbdb.io/db/pincaster,https://dbdb.io/media/logos/pincaster.png.200x200_q85.png,"Last updated June 5, 2019, 8:15 p.m.",pincaster
Pinot,https://dbdb.io/db/pinot,https://dbdb.io/media/logos/pinot-horizontal.svg,"Last updated July 11, 2023, 10:15 a.m.",pinot
PinusDB,https://dbdb.io/db/pinusdb,https://dbdb.io/media/logos/pinusdb.png.200x200_q85.png,"Last updated May 7, 2020, 8:26 p.m.",pinusdb
PipelineDB,https://dbdb.io/db/pipelinedb,https://dbdb.io/media/logos/pipelineDB.svg,"Last updated July 10, 2023, 10:25 a.m.",pipelinedb
PocketBase,https://dbdb.io/db/pocketbase,https://dbdb.io/media/logos/pocketbase.svg,"Last updated Oct. 8, 2023, 12:55 p.m.",pocketbase
pocketSQL,https://dbdb.io/db/pocketsql,https://dbdb.io/media/logos/pocketsql.png.200x200_q85.png,"Last updated Sept. 29, 2023, 10:06 p.m.",pocketsql
Pogreb,https://dbdb.io/db/pogreb,https://dbdb.io/media/logos/pogreb.svg,"Last updated June 27, 2022, 1:22 p.m.",pogreb
Polypheny,https://dbdb.io/db/polypheny,https://dbdb.io/media/logos/polyphony.svg,"Last updated Feb. 16, 2023, 8:59 p.m.",polypheny
PostgreSQL,https://dbdb.io/db/postgresql,https://dbdb.io/media/logos/postgres-horizontal.svg,"Last updated Nov. 16, 2023, 12:37 p.m.",postgresql
PouchDB,https://dbdb.io/db/pouchdb,https://dbdb.io/media/logos/pouchdb.svg,"Last updated June 27, 2022, 1:26 p.m.",pouchdb
PranaDB,https://dbdb.io/db/pranadb,https://dbdb.io/static/core/images/database-nologo.svg,"Last updated May 4, 2022, 11:27 a.m.",pranadb
Predator,https://dbdb.io/db/predator,https://dbdb.io/media/logos/predator.png.200x200_q85.png,"Last updated April 13, 2020, 9:18 p.m.",predator
PrestoDB,https://dbdb.io/db/prestodb,https://dbdb.io/media/logos/presto.svg,"Last updated June 26, 2022, 11:04 p.m.",prestodb
ProfaneDB,https://dbdb.io/db/profanedb,https://dbdb.io/media/logos/profanedb.svg,"Last updated Sept. 27, 2023, 9:32 p.m.",profanedb
Prometheus,https://dbdb.io/db/prometheus,https://dbdb.io/media/logos/prometheus_7OR7lOu.svg,"Last updated July 26, 2023, 1:21 p.m.",prometheus
Proton,https://dbdb.io/db/proton,https://dbdb.io/media/logos/proton.svg,"Last updated Oct. 10, 2023, 11:13 a.m.",proton
PuffinDB,https://dbdb.io/db/puffindb,https://dbdb.io/media/logos/puffindb.svg,"Last updated Sept. 26, 2023, 4:57 p.m.",puffindb
PumpkinDB,https://dbdb.io/db/pumpkindb,https://dbdb.io/media/logos/pumpkindb.svg,"Last updated June 27, 2022, 1:43 p.m.",pumpkindb
PupDB,https://dbdb.io/db/pupdb,https://dbdb.io/media/logos/pupdb.png.200x200_q85.png,"Last updated Dec. 30, 2019, 2:42 p.m.",pupdb
qikkDB,https://dbdb.io/db/qikkdb,https://dbdb.io/media/logos/qikkdb.svg,"Last updated Oct. 23, 2022, 10:20 p.m.",qikkdb
ql,https://dbdb.io/db/ql,https://dbdb.io/media/logos/ql.svg,"Last updated June 27, 2022, 1:47 p.m.",ql
Qserv,https://dbdb.io/db/qserv,https://dbdb.io/media/logos/qserv.png.200x200_q85.png,"Last updated June 1, 2018, 9:11 p.m.",qserv
Quadrable,https://dbdb.io/db/quadrable,https://dbdb.io/media/logos/quadrable.svg,"Last updated June 27, 2022, 1:48 p.m.",quadrable
QuestDB,https://dbdb.io/db/questdb,https://dbdb.io/media/logos/questdb.svg,"Last updated April 2, 2023, 3:30 a.m.",questdb
Quickstep,https://dbdb.io/db/quickstep,https://dbdb.io/media/logos/quickstep.png.200x200_q85.png,"Last updated July 11, 2023, 9:16 a.m.",quickstep
QuineDB,https://dbdb.io/db/quinedb,https://dbdb.io/media/logos/quinedb.png.200x200_q85.png,"Last updated Oct. 22, 2019, 9:21 a.m.",quinedb
Quokka,https://dbdb.io/db/quokka,https://dbdb.io/media/logos/quokka.svg,"Last updated Jan. 6, 2023, 10:53 a.m.",quokka
RadonDB,https://dbdb.io/db/radondb,https://dbdb.io/media/logos/radondb.png.200x200_q85.png,"Last updated June 8, 2018, 9:13 a.m.",radondb
RageDB,https://dbdb.io/db/ragedb,https://dbdb.io/media/logos/ragedb.png.200x200_q85.png,"Last updated June 21, 2022, 6:46 p.m.",ragedb
RamSQL,https://dbdb.io/db/ramsql,https://dbdb.io/media/logos/ramsql.svg,"Last updated Sept. 4, 2023, 10:17 a.m.",ramsql
RaptorDB,https://dbdb.io/db/raptordb,https://dbdb.io/media/logos/raptordb.png.200x200_q85.png,"Last updated Sept. 24, 2023, 11:07 p.m.",raptordb
Rasdaman,https://dbdb.io/db/rasdaman,https://dbdb.io/media/logos/rasdaman.png.200x200_q85.png,"Last updated June 11, 2023, 9:28 p.m.",rasdaman
RavenDB,https://dbdb.io/db/ravendb,https://dbdb.io/media/logos/ravendb.svg,"Last updated June 27, 2022, 1:49 p.m.",ravendb
Realm,https://dbdb.io/db/realm,https://dbdb.io/media/logos/realm.svg,"Last updated Sept. 24, 2023, 4:26 p.m.",realm
redb,https://dbdb.io/db/redb,https://dbdb.io/media/logos/redb.svg,"Last updated June 27, 2022, 1:51 p.m.",redb
Redcon,https://dbdb.io/db/redcon,https://dbdb.io/media/logos/redcon.png.200x200_q85.png,"Last updated April 20, 2022, 7:52 a.m.",redcon
Redis,https://dbdb.io/db/redis,https://dbdb.io/media/logos/redis.svg,"Last updated Dec. 6, 2023, 11:35 a.m.",redis
RedisGraph,https://dbdb.io/db/redisgraph,https://dbdb.io/media/logos/redisgraph.svg,"Last updated April 30, 2023, 8:44 p.m.",redisgraph
RediSQL,https://dbdb.io/db/redisql,https://dbdb.io/media/logos/redisql.png.200x200_q85.png,"Last updated Dec. 31, 2019, 9:43 p.m.",redisql
RedixDB,https://dbdb.io/db/redixdb,https://dbdb.io/media/logos/redixdb.svg,"Last updated June 27, 2022, 1:52 p.m.",redixdb
RedStore,https://dbdb.io/db/redstore,https://dbdb.io/media/logos/redstore.png.200x200_q85.png,"Last updated Jan. 8, 2022, 9:05 a.m.",redstore
ReductStore,https://dbdb.io/db/reductstore,https://dbdb.io/media/logos/reductstore.png.200x200_q85.png,"Last updated May 7, 2023, 2:03 a.m.",reductstore
Redwood,https://dbdb.io/db/redwood,https://dbdb.io/media/logos/redwood.svg,"Last updated June 27, 2022, 1:53 p.m.",redwood
RefineDB,https://dbdb.io/db/refinedb,https://dbdb.io/static/core/images/database-nologo.svg,"Last updated Sept. 28, 2023, 7:50 p.m.",refinedb
Rel,https://dbdb.io/db/rel,https://dbdb.io/media/logos/rel.png.200x200_q85.png,"Last updated May 8, 2022, 8:40 p.m.",rel
Relaxo,https://dbdb.io/db/relaxo,https://dbdb.io/media/logos/relaxo.svg,"Last updated Oct. 24, 2023, 10:16 p.m.",relaxo
ResilientDB,https://dbdb.io/db/resilientdb,https://dbdb.io/media/logos/resilientdb.svg,"Last updated Sept. 22, 2023, 10:33 a.m.",resilientdb
Resin Cache,https://dbdb.io/db/resin-cache,https://dbdb.io/media/logos/resincache.png.200x200_q85.png,"Last updated June 3, 2018, 7:58 a.m.",resin-cache
RethinkDB,https://dbdb.io/db/rethinkdb,https://dbdb.io/media/logos/rethinkdb.svg,"Last updated June 27, 2022, 8:43 p.m.",rethinkdb
RexDB,https://dbdb.io/db/rexdb,https://dbdb.io/media/logos/rexdb.png.200x200_q85.png,"Last updated Jan. 2, 2022, 9:40 p.m.",rexdb
Riak,https://dbdb.io/db/riak,https://dbdb.io/media/logos/riak.svg,"Last updated June 27, 2022, 8:42 p.m.",riak
RisingLight,https://dbdb.io/db/risinglight,https://dbdb.io/media/logos/risinglight.png.200x200_q85.png,"Last updated Aug. 14, 2022, 10:09 a.m.",risinglight
RisingWave,https://dbdb.io/db/risingwave,https://dbdb.io/media/logos/RisingWave.png.200x200_q85.png,"Last updated Sept. 19, 2023, 10:07 p.m.",risingwave
RocksDB,https://dbdb.io/db/rocksdb,https://dbdb.io/media/logos/rocksdb.svg,"Last updated June 26, 2022, 10:57 p.m.",rocksdb
ROMA,https://dbdb.io/db/roma,https://dbdb.io/media/logos/roma.png.200x200_q85.png,"Last updated Nov. 26, 2020, 11:23 a.m.",roma
RonDB,https://dbdb.io/db/rondb,https://dbdb.io/media/logos/rondb.svg,"Last updated Nov. 13, 2023, 5:45 p.m.",rondb
RoseDB,https://dbdb.io/db/rosedb,https://dbdb.io/media/logos/rosedb.png.200x200_q85.png,"Last updated Sept. 28, 2023, 7:27 p.m.",rosedb
rqlite,https://dbdb.io/db/rqlite,https://dbdb.io/media/logos/rqlite.svg,"Last updated Dec. 20, 2022, 8:14 a.m.",rqlite
RxDB,https://dbdb.io/db/rxdb,https://dbdb.io/media/logos/rxdb.svg,"Last updated June 27, 2022, 8:45 p.m.",rxdb
SapphireDb,https://dbdb.io/db/sapphiredb,https://dbdb.io/media/logos/sapphiredb.svg,"Last updated Sept. 27, 2023, 10:10 p.m.",sapphiredb
Scalaris,https://dbdb.io/db/scalaris,https://dbdb.io/media/logos/scalaris.png.200x200_q85.png,"Last updated April 28, 2018, 3:43 p.m.",scalaris
ScalienDB,https://dbdb.io/db/scaliendb,https://dbdb.io/media/logos/scalien.png.200x200_q85.png,"Last updated Oct. 30, 2022, 11:05 a.m.",scaliendb
SciDB,https://dbdb.io/db/scidb,https://dbdb.io/media/logos/scidb.svg,"Last updated Nov. 13, 2023, 9:06 p.m.",scidb
ScratchDB,https://dbdb.io/db/scratchdb,https://dbdb.io/media/logos/scratchdb.svg,"Last updated Oct. 29, 2023, 6:56 p.m.",scratchdb
Scylla,https://dbdb.io/db/scylla,https://dbdb.io/media/logos/scylla.svg,"Last updated Nov. 10, 2022, 3:40 p.m.",scylla
SDB,https://dbdb.io/db/sdb,https://dbdb.io/static/core/images/database-nologo.svg,"Last updated Jan. 1, 2019, 12:57 a.m.",sdb
Seafowl,https://dbdb.io/db/seafowl,https://dbdb.io/media/logos/seafowl.svg,"Last updated Oct. 25, 2023, 4:01 p.m.",seafowl
Sedna,https://dbdb.io/db/sedna,https://dbdb.io/media/logos/sedna.png.200x200_q85.png,"Last updated Sept. 27, 2023, 8:22 p.m.",sedna
SenseiDB,https://dbdb.io/db/senseidb,https://dbdb.io/media/logos/senseidb.jpg.200x200_q85.jpg,"Last updated Jan. 9, 2022, 3:02 p.m.",senseidb
Sequins,https://dbdb.io/db/sequins,https://dbdb.io/media/logos/sequins.png.200x200_q85.png,"Last updated May 12, 2018, 10:59 p.m.",sequins
SequoiaDB,https://dbdb.io/db/sequoiadb,https://dbdb.io/media/logos/sequoiadb.png.200x200_q85.png,"Last updated Jan. 9, 2022, 3:02 p.m.",sequoiadb
Serenity,https://dbdb.io/db/serenity,https://dbdb.io/media/logos/serenitydb.png.200x200_q85.png,"Last updated Sept. 28, 2023, 7:21 p.m.",serenity
Sesame,https://dbdb.io/db/sesame,https://dbdb.io/media/logos/sesame.png.200x200_q85.png,"Last updated June 3, 2018, 9:53 p.m.",sesame
ShardingSphere,https://dbdb.io/db/shardingsphere,https://dbdb.io/media/logos/shardingsphere.png.200x200_q85.png,"Last updated Jan. 24, 2022, 2:25 a.m.",shardingsphere
Shore,https://dbdb.io/db/shore,https://dbdb.io/static/core/images/database-nologo.svg,"Last updated June 8, 2018, 11:01 p.m.",shore
Shore-MT,https://dbdb.io/db/shore-mt,https://dbdb.io/static/core/images/database-nologo.svg,"Last updated April 13, 2020, 9:32 p.m.",shore-mt
shsql,https://dbdb.io/db/shsql,https://dbdb.io/media/logos/shsql.png.200x200_q85.png,"Last updated Feb. 3, 2021, 11:30 a.m.",shsql
SignalDB,https://dbdb.io/db/signaldb,https://dbdb.io/media/logos/signaldb.svg,"Last updated Oct. 26, 2023, 8:58 p.m.",signaldb
Silo,https://dbdb.io/db/silo,https://dbdb.io/static/core/images/database-nologo.svg,"Last updated Nov. 5, 2018, 9:19 p.m.",silo
Sir.DB,https://dbdb.io/db/sirdb,https://dbdb.io/media/logos/sirdb.svg,"Last updated June 27, 2022, 8:52 p.m.",sirdb
SiriDB,https://dbdb.io/db/siridb,https://dbdb.io/media/logos/siridb.svg,"Last updated June 27, 2022, 8:52 p.m.",siridb
SirixDB,https://dbdb.io/db/sirixdb,https://dbdb.io/media/logos/sirixdb.svg,"Last updated June 27, 2022, 8:53 p.m.",sirixdb
SkeletonDB,https://dbdb.io/db/skeletondb,https://dbdb.io/static/core/images/database-nologo.svg,"Last updated Sept. 28, 2023, 6:42 p.m.",skeletondb
SKSQL,https://dbdb.io/db/sksql,https://dbdb.io/media/logos/sksql.png.200x200_q85.png,"Last updated Oct. 26, 2022, 9:45 p.m.",sksql
SkyDB,https://dbdb.io/db/skydb,https://dbdb.io/static/core/images/database-nologo.svg,"Last updated May 24, 2018, 5:41 a.m.",skydb
Skytable,https://dbdb.io/db/skytable,https://dbdb.io/media/logos/skytable.svg,"Last updated Dec. 11, 2023, 2:14 p.m.",skytable
Sled,https://dbdb.io/db/sled,https://dbdb.io/media/logos/sled.svg,"Last updated June 27, 2022, 8:56 p.m.",sled
SleekDB,https://dbdb.io/db/sleekdb,https://dbdb.io/media/logos/sleekdb_2WSiY02.png.200x200_q85.png,"Last updated Jan. 30, 2021, 8:32 a.m.",sleekdb
Slumber DB,https://dbdb.io/db/slumber-db,https://dbdb.io/static/core/images/database-nologo.svg,"Last updated July 19, 2019, 9:45 p.m.",slumber-db
SmallSQL,https://dbdb.io/db/smallsql,https://dbdb.io/media/logos/smallsql.png.200x200_q85.png,"Last updated Dec. 31, 2018, 5:23 p.m.",smallsql
Sneller,https://dbdb.io/db/sneller,https://dbdb.io/media/logos/sneller.svg,"Last updated June 27, 2022, 8:57 p.m.",sneller
Solr,https://dbdb.io/db/solr,https://dbdb.io/media/logos/apache-solr.svg,"Last updated Dec. 5, 2022, 5:06 p.m.",solr
sones GraphDB,https://dbdb.io/db/sones-graphdb,https://dbdb.io/media/logos/sones.png.200x200_q85.png,"Last updated Oct. 8, 2023, 1:06 p.m.",sones-graphdb
Sonnerie,https://dbdb.io/db/sonnerie,https://dbdb.io/static/core/images/database-nologo.svg,"Last updated Sept. 28, 2023, 7:32 p.m.",sonnerie
Sparksee,https://dbdb.io/db/sparksee,https://dbdb.io/media/logos/sparksee.png.200x200_q85.png,"Last updated Dec. 10, 2019, 11:44 p.m.",sparksee
Spark SQL,https://dbdb.io/db/spark-sql,https://dbdb.io/media/logos/spark-logo.svg,"Last updated June 26, 2022, 11:05 p.m.",spark-sql
SparrowDB,https://dbdb.io/db/sparrowdb,https://dbdb.io/media/logos/sparrowdb.png.200x200_q85.png,"Last updated Sept. 28, 2023, 7:08 p.m.",sparrowdb
Speedy,https://dbdb.io/db/speedy,https://dbdb.io/media/logos/speedy.jpg.200x200_q85.jpg,"Last updated Oct. 1, 2023, 8:26 a.m.",speedy
Sphinx,https://dbdb.io/db/sphinx,https://dbdb.io/media/logos/sphinx.png.200x200_q85.png,"Last updated Dec. 3, 2018, 4:03 p.m.",sphinx
SpiceDB,https://dbdb.io/db/spicedb,https://dbdb.io/media/logos/spicedb.svg,"Last updated Sept. 28, 2022, 2:33 p.m.",spicedb
Splice Machine,https://dbdb.io/db/splice-machine,https://dbdb.io/media/logos/splice-machine.svg,"Last updated June 27, 2022, 8:59 p.m.",splice-machine
SplinterDB,https://dbdb.io/db/splinterdb,https://dbdb.io/media/logos/splinterdb.svg,"Last updated Sept. 28, 2022, 5:58 p.m.",splinterdb
SQLite,https://dbdb.io/db/sqlite,https://dbdb.io/media/logos/SQLite.svg,"Last updated June 26, 2022, 11:04 p.m.",sqlite
SRCHÂ²,https://dbdb.io/db/srch2,https://dbdb.io/media/logos/srch2.png.200x200_q85.png,"Last updated June 9, 2018, 11:30 a.m.",srch2
SSDB,https://dbdb.io/db/ssdb,https://dbdb.io/media/logos/ssdb.png.200x200_q85.png,"Last updated Dec. 16, 2019, 9:30 p.m.",ssdb
StarRocks,https://dbdb.io/db/starrocks,https://dbdb.io/media/logos/starrocks.png.200x200_q85.png,"Last updated March 18, 2022, 8:22 p.m.",starrocks
StellarSQL,https://dbdb.io/db/stellarsql,https://dbdb.io/media/logos/stellarsql.png.200x200_q85.png,"Last updated Sept. 28, 2023, 7:38 p.m.",stellarsql
Stig,https://dbdb.io/db/stig,https://dbdb.io/media/logos/stig.png.200x200_q85.png,"Last updated June 30, 2022, 4:06 p.m.",stig
StoneDB,https://dbdb.io/db/stonedb,https://dbdb.io/media/logos/stonedb.svg,"Last updated June 27, 2022, 9:50 p.m.",stonedb
Strabon,https://dbdb.io/db/strabon,https://dbdb.io/media/logos/strabon.png.200x200_q85.png,"Last updated June 3, 2018, 9:52 p.m.",strabon
StrixDB,https://dbdb.io/db/strixdb,https://dbdb.io/media/logos/strixdb.png.200x200_q85.png,"Last updated Sept. 9, 2020, 12:20 p.m.",strixdb
Strozzi NoSQL,https://dbdb.io/db/strozzi-nosql,https://dbdb.io/media/logos/strozzi-nosql.jpg.200x200_q85.jpg,"Last updated June 3, 2018, 8:17 a.m.",strozzi-nosql
STSdb,https://dbdb.io/db/stsdb,https://dbdb.io/media/logos/stsdb.png.200x200_q85.png,"Last updated Oct. 8, 2023, 1:04 p.m.",stsdb
SummitDB,https://dbdb.io/db/summitdb,https://dbdb.io/media/logos/summitdb.png.200x200_q85.png,"Last updated Sept. 28, 2023, 6:44 p.m.",summitdb
SurrealDB,https://dbdb.io/db/surrealdb,https://dbdb.io/media/logos/surrealdb.svg,"Last updated April 4, 2023, 5:41 p.m.",surrealdb
SwayDB,https://dbdb.io/db/swaydb,https://dbdb.io/media/logos/swaydb.png.200x200_q85.png,"Last updated Jan. 6, 2022, 10:49 p.m.",swaydb
SWC-DB,https://dbdb.io/db/swc-db,https://dbdb.io/media/logos/swcdb.png.200x200_q85.png,"Last updated Sept. 4, 2021, 7:49 a.m.",swc-db
SylvaDB,https://dbdb.io/db/sylvadb,https://dbdb.io/media/logos/sylva.png.200x200_q85.png,"Last updated Sept. 28, 2023, 8:15 p.m.",sylvadb
SylvieJS,https://dbdb.io/db/sylviejs,https://dbdb.io/static/core/images/database-nologo.svg,"Last updated Sept. 28, 2023, 9:18 p.m.",sylviejs
System G,https://dbdb.io/db/system-g,https://dbdb.io/media/logos/systemg.jpg.200x200_q85.jpg,"Last updated May 28, 2018, 10:35 a.m.",system-g
TabDB,https://dbdb.io/db/tabdb,https://dbdb.io/media/logos/tabdb.png.200x200_q85.png,"Last updated Sept. 27, 2023, 7:15 p.m.",tabdb
TaffyDB,https://dbdb.io/db/taffydb,https://dbdb.io/media/logos/taffydb.svg,"Last updated June 26, 2022, 11:32 p.m.",taffydb
Tajo,https://dbdb.io/db/tajo,https://dbdb.io/media/logos/tajo.png.200x200_q85.png,"Last updated May 1, 2023, 4:21 p.m.",tajo
Tarantool,https://dbdb.io/db/tarantool,https://dbdb.io/media/logos/tarantool.png.200x200_q85.png,"Last updated Jan. 5, 2022, 9:31 p.m.",tarantool
TayzGrid,https://dbdb.io/db/tayzgrid,https://dbdb.io/media/logos/tayzgrid.png.200x200_q85.png,"Last updated Jan. 5, 2022, 9:32 p.m.",tayzgrid
TDengine,https://dbdb.io/db/tdengine,https://dbdb.io/media/logos/tdengine_26WLUd9.svg,"Last updated Sept. 24, 2023, 1:14 p.m.",tdengine
Tendis,https://dbdb.io/db/tendis,https://dbdb.io/media/logos/tendis.svg,"Last updated June 27, 2022, 9:58 p.m.",tendis
TensorBase,https://dbdb.io/db/tensorbase,https://dbdb.io/media/logos/tensorbase.png.200x200_q85.png,"Last updated Sept. 28, 2023, 7:37 p.m.",tensorbase
Tera,https://dbdb.io/db/tera,https://dbdb.io/static/core/images/database-nologo.svg,"Last updated June 9, 2021, 8:54 p.m.",tera
TerarkDB,https://dbdb.io/db/terarkdb,https://dbdb.io/media/logos/terark.png.200x200_q85.png,"Last updated Sept. 24, 2023, 6:34 p.m.",terarkdb
TerminusDB,https://dbdb.io/db/terminusdb,https://dbdb.io/media/logos/terminusdb.png.200x200_q85.png,"Last updated Jan. 12, 2020, 6:50 a.m.",terminusdb
Terrastore,https://dbdb.io/db/terrastore,https://dbdb.io/media/logos/terrastore.png.200x200_q85.png,"Last updated July 22, 2019, 6:29 p.m.",terrastore
ThinkSQL,https://dbdb.io/db/thinksql,https://dbdb.io/media/logos/thinksql.jpg.200x200_q85.jpg,"Last updated May 6, 2020, 9:55 a.m.",thinksql
ThreadDB,https://dbdb.io/db/threaddb,https://dbdb.io/media/logos/threaddb.svg,"Last updated Sept. 27, 2023, 8:59 p.m.",threaddb
ThruDB,https://dbdb.io/db/thrudb,https://dbdb.io/media/logos/thrudb.png.200x200_q85.png,"Last updated Oct. 9, 2019, 10:52 p.m.",thrudb
TiDB,https://dbdb.io/db/tidb,https://dbdb.io/media/logos/ti-db.svg,"Last updated July 3, 2023, 9:24 p.m.",tidb
tiedot,https://dbdb.io/db/tiedot,https://dbdb.io/media/logos/tiedot.png.200x200_q85.png,"Last updated Sept. 28, 2023, 7:07 p.m.",tiedot
TieredMemDB,https://dbdb.io/db/tieredmemdb,https://dbdb.io/media/logos/tieredmemdb.svg,"Last updated Sept. 28, 2023, 7:23 p.m.",tieredmemdb
TigerBeetle,https://dbdb.io/db/tigerbeetle,https://dbdb.io/media/logos/tigerbeetle.svg,"Last updated June 20, 2023, 10:26 a.m.",tigerbeetle
TiKV,https://dbdb.io/db/tikv,https://dbdb.io/media/logos/tikv_B9WAWbC.png.200x200_q85.png,"Last updated Jan. 5, 2022, 1:41 p.m.",tikv
Tile38,https://dbdb.io/db/tile38,https://dbdb.io/media/logos/tile38-2023.svg,"Last updated Sept. 27, 2023, 9:13 p.m.",tile38
TileDB,https://dbdb.io/db/tiledb,https://dbdb.io/media/logos/tiledb.svg,"Last updated May 1, 2023, 11:22 p.m.",tiledb
Timbala,https://dbdb.io/db/timbala,https://dbdb.io/media/logos/timbala.svg,"Last updated Jan. 16, 2023, 3:42 p.m.",timbala
TIMBER,https://dbdb.io/db/timber,https://dbdb.io/media/logos/timber.png.200x200_q85.png,"Last updated July 19, 2019, 9:51 p.m.",timber
TingoDB,https://dbdb.io/db/tingodb,https://dbdb.io/media/logos/tingodb.svg,"Last updated June 26, 2022, 11:32 p.m.",tingodb
TinyBase,https://dbdb.io/db/tinybase,https://dbdb.io/media/logos/tinybase.svg,"Last updated Sept. 16, 2022, 8:59 p.m.",tinybase
TinyDB,https://dbdb.io/db/tinydb,https://dbdb.io/media/logos/tinydb.svg,"Last updated June 27, 2022, 10:35 p.m.",tinydb
TinyDB,https://dbdb.io/db/tinydb-berkeley,https://dbdb.io/media/logos/tinydb-berkeley.png.200x200_q85.png,"Last updated June 24, 2021, 9:57 p.m.",tinydb-berkeley
tinySQL,https://dbdb.io/db/tinysql,https://dbdb.io/static/core/images/database-nologo.svg,"Last updated May 12, 2018, 3:51 p.m.",tinysql
Titan,https://dbdb.io/db/titan,https://dbdb.io/media/logos/titan_QLbglzz.png.200x200_q85.png,"Last updated July 7, 2023, 12:41 p.m.",titan
Titan,https://dbdb.io/db/titan-nosql,https://dbdb.io/static/core/images/database-nologo.svg,"Last updated Aug. 26, 2022, 8:39 p.m.",titan-nosql
TokuDB,https://dbdb.io/db/tokudb,https://dbdb.io/media/logos/tokutek.svg,"Last updated Sept. 24, 2023, 10:37 p.m.",tokudb
TokuMX,https://dbdb.io/db/tokumx,https://dbdb.io/media/logos/tokumx.png.200x200_q85.png,"Last updated June 3, 2018, 8:26 a.m.",tokumx
Tokyo Cabinet,https://dbdb.io/db/tokyo-cabinet,https://dbdb.io/media/logos/tokyocabinet.png.200x200_q85.png,"Last updated Dec. 31, 2018, 10:04 p.m.",tokyo-cabinet
Tokyo Tyrant,https://dbdb.io/db/tokyo-tyrant,https://dbdb.io/static/core/images/database-nologo.svg,"Last updated June 8, 2018, 11:02 p.m.",tokyo-tyrant
TomP2P,https://dbdb.io/db/tomp2p,https://dbdb.io/media/logos/tomp2p.png.200x200_q85.png,"Last updated June 3, 2018, 8:26 a.m.",tomp2p
ToroDB,https://dbdb.io/db/torodb,https://dbdb.io/media/logos/torodb.png.200x200_q85.png,"Last updated July 18, 2019, 6 p.m.",torodb
toyDB,https://dbdb.io/db/toydb,https://dbdb.io/media/logos/toydb.svg,"Last updated Sept. 19, 2023, 3:30 p.m.",toydb
Trafodion,https://dbdb.io/db/trafodion,https://dbdb.io/media/logos/apache-trafodion.svg,"Last updated Sept. 24, 2023, 1:08 p.m.",trafodion
TrailDB,https://dbdb.io/db/traildb,https://dbdb.io/media/logos/traildb.png.200x200_q85.png,"Last updated July 21, 2019, 10:13 p.m.",traildb
TreodeDB,https://dbdb.io/db/treodedb,https://dbdb.io/media/logos/treodedb.png.200x200_q85.png,"Last updated June 1, 2018, 10:38 p.m.",treodedb
Trino,https://dbdb.io/db/trino,https://dbdb.io/media/logos/trino.svg,"Last updated June 27, 2022, 10:37 p.m.",trino
Trousseau,https://dbdb.io/db/trousseau,https://dbdb.io/media/logos/trousseau.png.200x200_q85.png,"Last updated June 8, 2018, 9:25 a.m.",trousseau
ts-sql,https://dbdb.io/db/ts-sql,https://dbdb.io/media/logos/ts-sql.svg,"Last updated June 27, 2022, 10:38 p.m.",ts-sql
Twig,https://dbdb.io/db/twig,https://dbdb.io/media/logos/twig.png.200x200_q85.png,"Last updated June 8, 2018, 11:06 p.m.",twig
TypeDB,https://dbdb.io/db/typedb,https://dbdb.io/media/logos/typedb.png.200x200_q85.png,"Last updated Jan. 7, 2022, 3:33 p.m.",typedb
Typhoon,https://dbdb.io/db/typhoon,https://dbdb.io/static/core/images/database-nologo.svg,"Last updated Oct. 1, 2023, 8:27 a.m.",typhoon
UnQLite,https://dbdb.io/db/unqlite,https://dbdb.io/media/logos/unqlite.png.200x200_q85.png,"Last updated May 20, 2018, 11:59 a.m.",unqlite
upscaledb,https://dbdb.io/db/upscaledb,https://dbdb.io/media/logos/upscaledb.png.200x200_q85.png,"Last updated April 25, 2018, 9:47 p.m.",upscaledb
VanillaDB,https://dbdb.io/db/vanilladb,https://dbdb.io/media/logos/vanilladb.png.200x200_q85.png,"Last updated Dec. 31, 2018, 9:08 p.m.",vanilladb
Vearch,https://dbdb.io/db/vearch,https://dbdb.io/media/logos/vearch.svg,"Last updated Sept. 22, 2023, 8:20 p.m.",vearch
VectorDB,https://dbdb.io/db/vectordb,https://dbdb.io/media/logos/vectordb.png.200x200_q85.png,"Last updated Sept. 22, 2023, 8:10 a.m.",vectordb
VectorDB,https://dbdb.io/db/vectordb-kagi,https://dbdb.io/media/logos/vectordb2.svg,"Last updated Sept. 22, 2023, 8:17 a.m.",vectordb-kagi
VectorSQL,https://dbdb.io/db/vectorsql,https://dbdb.io/media/logos/vectorsql.svg,"Last updated Sept. 27, 2023, 7:10 p.m.",vectorsql
Velox,https://dbdb.io/db/velox,https://dbdb.io/media/logos/velox.svg,"Last updated May 1, 2023, 11:33 p.m.",velox
VeloxDB,https://dbdb.io/db/veloxdb,https://dbdb.io/media/logos/veloxdb.svg,"Last updated Jan. 6, 2023, 10:46 a.m.",veloxdb
VertexDB,https://dbdb.io/db/vertexdb,https://dbdb.io/media/logos/vertexdb.svg,"Last updated June 27, 2022, 10:40 p.m.",vertexdb
Vespa,https://dbdb.io/db/vespa,https://dbdb.io/media/logos/vespa.svg,"Last updated June 27, 2022, 10:43 p.m.",vespa
VictoriaMetrics,https://dbdb.io/db/victoriametrics,https://dbdb.io/media/logos/victoriametrics.png.200x200_q85.png,"Last updated Jan. 3, 2022, 8:02 a.m.",victoriametrics
Vitess,https://dbdb.io/db/vitess,https://dbdb.io/media/logos/vitess.svg,"Last updated June 27, 2022, 10:44 p.m.",vitess
ViyaDB,https://dbdb.io/db/viyadb,https://dbdb.io/media/logos/viyadb.svg,"Last updated June 27, 2022, 10:46 p.m.",viyadb
Voldemort,https://dbdb.io/db/voldemort,https://dbdb.io/media/logos/voldemort.png.200x200_q85.png,"Last updated Sept. 27, 2023, 7:13 p.m.",voldemort
VoltDB,https://dbdb.io/db/voltdb,https://dbdb.io/media/logos/voltdb-2018.svg,"Last updated June 27, 2022, 10:46 p.m.",voltdb
vsql,https://dbdb.io/db/vsql,https://dbdb.io/static/core/images/database-nologo.svg,"Last updated July 16, 2023, 12:22 p.m.",vsql
vyhodb,https://dbdb.io/db/vyhodb,https://dbdb.io/media/logos/vyhodb.svg,"Last updated Sept. 26, 2023, 4:38 p.m.",vyhodb
Warp 10,https://dbdb.io/db/warp-10,https://dbdb.io/media/logos/warp10_PJkS8LP.svg,"Last updated May 2, 2023, 3:27 p.m.",warp-10
Weaviate,https://dbdb.io/db/weaviate,https://dbdb.io/media/logos/weaviate2023.svg,"Last updated Sept. 12, 2023, 2:08 p.m.",weaviate
WebScaleSQL,https://dbdb.io/db/webscalesql,https://dbdb.io/media/logos/webscalesql.png.200x200_q85.png,"Last updated Sept. 27, 2023, 7:34 a.m.",webscalesql
WhiteDB,https://dbdb.io/db/whitedb,https://dbdb.io/media/logos/whitedb.svg,"Last updated Nov. 20, 2023, 10:26 a.m.",whitedb
WiredTiger,https://dbdb.io/db/wiredtiger,https://dbdb.io/media/logos/WiredTigerLogo.svg,"Last updated July 10, 2023, 10:22 a.m.",wiredtiger
WonderDB,https://dbdb.io/db/wonderdb,https://dbdb.io/media/logos/wonderdb.svg,"Last updated Sept. 27, 2023, 7:11 p.m.",wonderdb
XAP,https://dbdb.io/db/xap,https://dbdb.io/media/logos/xap.png.200x200_q85.png,"Last updated Jan. 7, 2022, 9:50 a.m.",xap
Xapian,https://dbdb.io/db/xapian,https://dbdb.io/media/logos/xapian.png.200x200_q85.png,"Last updated Jan. 5, 2022, 1:36 p.m.",xapian
Xodus,https://dbdb.io/db/xodus,https://dbdb.io/media/logos/xodus.png.200x200_q85.png,"Last updated April 22, 2019, 4:42 p.m.",xodus
XTDB,https://dbdb.io/db/xtdb,https://dbdb.io/media/logos/xtdb.svg,"Last updated June 27, 2022, 12:38 a.m.",xtdb
YDB,https://dbdb.io/db/ydb,https://dbdb.io/media/logos/ydb.svg,"Last updated June 27, 2022, 10:49 p.m.",ydb
YottaDB,https://dbdb.io/db/yottadb,https://dbdb.io/media/logos/YottaDB.svg,"Last updated June 27, 2022, 10:50 p.m.",yottadb
YugabyteDB,https://dbdb.io/db/yugabytedb,https://dbdb.io/media/logos/yugabyte.svg,"Last updated July 20, 2023, 7:11 p.m.",yugabytedb
ZeroDB,https://dbdb.io/db/zerodb,https://dbdb.io/media/logos/zerodb.svg,"Last updated Sept. 27, 2023, 7:31 a.m.",zerodb
ZODB,https://dbdb.io/db/zodb,https://dbdb.io/media/logos/zodb.png.200x200_q85.png,"Last updated Aug. 1, 2019, 9:25 a.m.",zodb
ZooDB,https://dbdb.io/db/zoodb,https://dbdb.io/media/logos/zoodb.png.200x200_q85.png,"Last updated Feb. 26, 2020, 8:52 p.m.",zoodb
Zookeeper,https://dbdb.io/db/zookeeper,https://dbdb.io/media/logos/apache-zookeeper.svg,"Last updated June 26, 2022, 11:07 p.m.",zookeeper
